,A,B,C,D
2000-01-01,1.7631409209326987,-1.9670491626356204,-1.3832149717082691,-0.047136301471517504
2000-01-02,-0.07047017054915837,0.6503615326363502,-0.42043453468590253,-0.5099094666661395
2000-01-03,0.8911030767801441,-0.39881287185421443,0.34669557348647817,0.10910659486249331
2000-01-04,-0.770820018930253,0.08168487944009126,1.6832636847146756,-0.2677999030300736
2000-01-05,0.0337303529782711,-0.02270623800008596,-0.29465946762291495,-0.3574528305816419
2000-01-06,0.8726459124727545,1.3570140620292048,0.10887188915275,0.9156013430456628
2000-01-07,0.13302673978428467,-0.2521089293243027,0.19436891691987845,-1.261158426358071
2000-01-08,-0.4251320309970967,0.9508482504113951,-0.4641814234862524,0.6437358045790486
2000-01-09,0.3271858350647296,-1.8113555063232627,1.219471548748888,-0.41457574781142514
2000-01-10,-0.4608763254761876,2.2687084686804018,-0.46769879208275555,1.053331280853177
2000-01-11,-0.4969610113418342,0.4933578866069208,-0.29994761628955435,0.8236051058423187
2000-01-12,0.7927575180559248,0.5052679839554916,-0.25948768422582247,-1.0818346577870768
2000-01-13,2.1016134477594166,-0.2867005713226378,-1.331857321047839,-0.058407141796302374
2000-01-14,0.7447295898929269,0.0031173527962462845,-0.6462005299641603,0.20983018571010803
2000-01-15,-0.2554962431211775,-0.7270383032014033,-0.001569648656488769,-1.4360758935578075
2000-01-16,-0.42644309491831983,-1.1713521372526992,0.18890361743715609,-0.17209296312731182
2000-01-17,1.3446482781133264,0.8017617658347359,0.43809409038455277,0.4021840420011591
2000-01-18,0.27042701198008173,0.30596068813432586,-0.9966086913073855,-0.5405434037142237
2000-01-19,-0.6766074756645841,-1.3138484848218839,-0.00704086010859867,-0.538291345187314
2000-01-20,0.6510600412945302,1.0084931687539092,0.05440862262493383,-0.01949720580816921
2000-01-21,1.5076855115090104,-2.407416783366903,0.3346678949257113,0.21955421349372342
2000-01-22,-1.8097366889343067,-0.11539580572510176,0.3528352458154781,0.5884275740324094
2000-01-23,-0.10789014321742119,1.0786500447360508,0.7401325361816734,1.5703450342612881
2000-01-24,0.8699774953370972,0.13152909360909845,-0.8284626090380844,-0.15630257369513223
2000-01-25,-0.24499783841439207,0.536315122964541,0.7714909459407083,0.48279779871510436
2000-01-26,-0.6019231015255756,-1.5473065782838729,1.3493400045950001,-1.4732565718591688
2000-01-27,1.153961225943417,0.07238764757651546,1.0938797135773266,-0.04933316514763012
2000-01-28,0.8692818090790798,0.8445474326283303,-0.29896993785840237,-0.6280444074965346
2000-01-29,0.11845507191097789,-0.5070769401995459,-1.1623229475108623,0.1521530100862291
2000-01-30,0.003952597955691963,0.7464610624769819,-0.6709145922788671,0.7110258598859399
2000-01-31,0.060337619974857995,-0.5370322063660729,-0.6313709043843808,2.0940798375067926
2000-02-01,-0.27901337897490874,2.091732871057671,0.5917584553566729,-1.1968947192180233
2000-02-02,0.9809874666685224,-1.4982721783024573,-0.0449754942040256,1.0477643630431874
2000-02-03,-0.6801327426328881,0.28503077615485517,0.8087586733292773,-0.715881879584135
2000-02-04,0.1920971271280437,-1.3813524770797478,-0.09095895264086867,-1.0964319146802417
2000-02-05,0.09442174290995897,0.5183199584921389,2.662426395496345,-1.0490259777653737
2000-02-06,0.4817670692267976,-1.0067700060870952,1.933599916202234,-0.35243267174359355
2000-02-07,1.9848225270714612,-0.3084229127290835,1.00687438561364,1.6602140104763494
2000-02-08,2.6629146740121894,-0.9609243363054262,-0.7261664950027931,0.8920647620791963
2000-02-09,-1.4461513922911131,1.2058032343181475,0.8328733493408469,0.727322518465963
2000-02-10,0.3968966277196428,0.9667460883223763,1.639405429772162,1.8342851103048499
2000-02-11,-2.3378009428995106,-0.8065980385999815,1.0719142083612174,-2.361754591885609
2000-02-12,0.5099500394249092,0.6149589593306497,1.148463779733358,0.1772274688097236
2000-02-13,-0.4458150364753485,0.8930690879681961,-0.285388813108382,-0.5347527606754257
2000-02-14,0.9503724605644156,0.2514704508929191,-0.4713295775083172,-0.16894226614397098
2000-02-15,0.23620356478968818,-1.501570245040897,-2.526416311711004,-1.0846024268928933
2000-02-16,-0.8335546402335283,1.3490177208182514,1.4598039338355577,0.2483921010476616
2000-02-17,-1.1685538306219287,1.4633240354561026,-0.18518972238275724,-0.2197219694297343
2000-02-18,-0.02600661213236991,-1.2240503313476478,-1.1899078653562332,1.2774826607474838
2000-02-19,-0.8436882809728284,-0.434918879880374,0.14914739452796297,0.8292864822131925
2000-02-20,1.1982203027974565,-1.1028181113639055,0.9277751101528597,0.5838947989612656
2000-02-21,0.8390135920123806,1.6350488668895062,0.13720305943373284,-1.0517719796365474
2000-02-22,-1.7824230154785876,-0.18252089698906965,-0.3994299299016868,-1.7834024370195998
2000-02-23,-0.16724597700494495,0.05489800897340363,1.1490563450319484,-0.1059915536264014
2000-02-24,0.2768817803597577,-1.3051072611080816,-0.07148638926009981,0.9966598567569785
2000-02-25,-0.8393805262784251,-0.8163672464044004,-0.9157429591403097,-0.6734809496899138
2000-02-26,-1.0030111643194641,-0.7051167586035356,-0.08788846830830924,1.713802938871859
2000-02-27,-0.04394044337338263,-0.7976134347507458,0.6237311238653475,0.6215425546804889
2000-02-28,-1.4417051894700863,-0.1387522746125149,0.2938203517138738,-0.7567937756229095
2000-02-29,-2.049474940564938,-0.8631706705995311,-0.22127181875381513,0.5708876956498643
2000-03-01,0.2777961057986352,0.4370860741448829,0.45088062657651734,0.023332365354892314
2000-03-02,-0.15340265908093176,-0.2684897307435658,-0.5568873300769986,-0.1612854697894948
2000-03-03,1.0078200879022892,-0.33575951375480756,1.2223031303644223,-0.38146871445761565
2000-03-04,-0.5824901629716397,-0.007489936162115127,0.48866426300082244,0.29438542315469457
2000-03-05,0.8755911292862376,-0.04057660319285582,0.9532785846737442,0.18684831389459639
2000-03-06,0.3970574019328067,-0.08534168605126628,0.5352200828881895,-0.31844516690988783
2000-03-07,0.07274045383380824,-0.4947562745444767,1.571669088846774,-0.6493227390984695
2000-03-08,1.170059361621695,1.5789999302681672,-0.1256708750753443,-0.30840801555968544
2000-03-09,0.5700831558802557,-0.5029399682869137,-0.004101460430151217,-0.3549554850457264
2000-03-10,0.6614578684372185,-0.03477347857950455,0.16788583645816585,1.9290264724561261
2000-03-11,0.471265409652465,-0.569884007839912,-0.797330450917994,0.6905817722470482
2000-03-12,-0.030287011910736645,-1.3883401205678578,0.22074735587483493,-0.9304621964587646
2000-03-13,2.3950570147657424,0.4062146586995886,-0.466556379502515,-0.6924840980499076
2000-03-14,-0.9515947227974618,0.5978251019442826,0.8957449305723737,0.39068751238659954
2000-03-15,0.1326828565316965,2.902822087791536,-1.1461854696251361,0.23966737047146983
2000-03-16,1.4223291559840903,2.0339944962394716,-0.15526672455703133,0.19611160360798668
2000-03-17,-0.29845479630479593,0.37259095730150776,1.7365287533371183,0.024658793198978284
2000-03-18,-0.15635122126884887,0.18132823706569046,-0.8551610261362286,-0.7949378317345682
2000-03-19,-0.7179266944866436,-0.018123984377689317,-0.18936908650540318,-0.15555131794959856
2000-03-20,0.7763448927193699,1.0480280787842866,0.8919158895521404,-0.600532152996992
2000-03-21,1.0968208623143691,1.6001304132081475,0.6064901591222309,0.8112479152229415
2000-03-22,-1.4427143561765527,0.8888524974666713,-0.5403265551318491,0.4802163992563119
2000-03-23,0.6058838903395353,1.5552682895090804,-0.34696767797092143,0.4108384333647536
2000-03-24,1.3796257654193989,0.9434920797268874,-0.6587165851571325,0.7016029589400035
2000-03-25,0.4276460521894058,0.8241614403631673,0.8308401058057256,0.23351937184742433
2000-03-26,0.4246992511681285,0.45959250810270574,0.6003733156474259,-0.13582889734744127
2000-03-27,-0.5662765333969847,2.07642323425254,0.43425427975932374,-0.6965437822674635
2000-03-28,-0.6510277439328405,-1.6488083747267799,1.0031454391336587,-0.6852253082442172
2000-03-29,-1.1180620910208812,-0.4758333575247856,-1.2309973257192428,1.3967456998254855
2000-03-30,-0.47354081218155264,-0.5331117376973724,1.044840962263796,0.23244416784089342
2000-03-31,0.6952671117478126,-1.0544127739606295,0.9446960192988768,0.37242171344044245
2000-04-01,-1.4997185962481716,-2.2569686884021762,-0.34131175368690964,1.7180923075874408
2000-04-02,0.5357034028264296,-1.3716604266386005,1.1813569439331753,2.5202876004739982
2000-04-03,1.0446497109427912,0.33196910604189317,-0.4270440777260506,-0.4102839042739099
2000-04-04,-1.4135502053125493,0.9571964440066523,0.15150930238122617,1.0561341427145496
2000-04-05,-2.5817340995088798,-1.2219561348374444,-2.011396565472225,0.6120959678785629
2000-04-06,0.008908967457636665,0.19891210087449357,0.14111211868058257,0.618437331200548
2000-04-07,-1.8043112627052291,0.8961375541506502,-0.8289227520841063,-0.028026623526846005
2000-04-08,-0.6475014029402697,2.1929610345286603,-0.952057340094544,-0.6361861628978427
2000-04-09,1.1150037834930304,-0.9981424574111576,0.2715995015671354,-0.9449045427936247
2000-04-10,-1.3012979309772696,-0.4432086840762172,-1.3589609419312876,-0.06081272409349841
2000-04-11,-0.7591518236002286,-0.9313037050273758,0.0025295235139389575,0.582135003705269
2000-04-12,-1.1590523358330234,0.8768611157260497,0.8648262374198473,1.174400622198884
2000-04-13,0.6774587111213897,-0.16482557091742248,-0.06597519256690854,-0.5513466161443865
2000-04-14,1.1868374770781434,-2.189179597216959,0.09937189165490573,-1.569425201522771
2000-04-15,0.12180649488403904,-0.9587408533575826,0.4453371176947394,0.12875629314224332
2000-04-16,1.1153922962929377,0.4108436101140385,-0.738588205973423,-0.24289225435948733
2000-04-17,1.2874877365561357,-0.0926006068550279,1.753962046538712,-1.1464275423049926
2000-04-18,0.2606646703340653,1.3019397900095833,-0.76140556871842,-0.04022495319015635
2000-04-19,0.02794709776056506,0.14224529892805005,-0.3517773900912257,-0.39140404626637415
2000-04-20,0.016792911320046462,-0.8931441981662179,1.1550604669529483,-0.588851953204058
2000-04-21,0.23158656062738286,-0.3473914635203682,-1.0433550369974323,0.4890906260468605
2000-04-22,-0.14967155542203356,2.3756906097356407,0.41248607796112285,0.9185462782853656
2000-04-23,-0.4038884364249772,-0.01027118846878571,1.2499202237024183,0.6098398965547533
2000-04-24,-0.17541315748096575,0.8005752642554306,-0.022198125509483968,2.2622593998817626
2000-04-25,1.449705987772133,1.3337900486578635,0.19124820853910937,-2.197321332482657
2000-04-26,0.1353842300973353,-0.9786327698042239,1.2501924132229658,-0.45253454799177384
2000-04-27,-0.08899922384675908,0.39404728670096617,0.8965148836079597,1.5830907267576904
2000-04-28,-0.33184224108610294,-1.2309326574713815,0.6666418233291989,0.004506099626229921
2000-04-29,-1.7900182085537508,1.0340092123289153,1.2279740561943229,0.6546211357087681
2000-04-30,0.6720313506460106,2.6952006303477174,0.5837571943359126,-0.17698579876981457
2000-05-01,1.0294075290165579,1.024797306808298,0.17704688306211616,1.2779820146029444
2000-05-02,-0.96663667927999,0.17093880623787996,0.3934250280389694,1.4947143584190585
2000-05-03,-0.41673817887477305,-0.5431634195518155,2.5716627242349164,-0.05020336040695362
2000-05-04,0.07675826766641916,0.5867568186710528,-0.6755272845071622,0.04398630047580764
2000-05-05,0.414889528258201,-0.18503661658645482,0.14684341137670365,-0.7965551681511595
2000-05-06,-0.974871008033483,-0.09521748207944614,1.2418449546072658,0.08225846536827354
2000-05-07,-0.71552419942842,0.6988510969608002,-1.9947867870331277,0.9312212301269579
2000-05-08,0.5421728165389936,-0.6099753167624951,2.398366747139758,1.601386149271141
2000-05-09,-0.5917478134671487,-1.590195901879837,0.9043578940076735,1.8671549939493175
2000-05-10,1.205925672713208,-1.7208688340122331,-0.7109398039131293,2.394109852140294
2000-05-11,1.6912608397733926,-0.825646629885539,-1.5946792896773951,2.109364533938345
2000-05-12,1.3256159707722273,-0.0854850158543944,0.2034874038544383,0.8102652772207206
2000-05-13,1.159741699606735,0.7187425342323331,0.016582830388185123,-0.1438646283040024
2000-05-14,0.559587263191754,-1.2364073876263677,2.6026069910797744,0.8445202837392264
2000-05-15,0.5072001287202674,-1.0866120583118106,0.39780349047205305,0.7862140507585977
2000-05-16,0.9946653613788958,-0.8149475810779199,1.0788186045219077,-0.01655062041917701
2000-05-17,0.8405576145490364,0.4530974356624517,0.03264067631331088,-1.4192357730624252
2000-05-18,-0.5944858436589354,-0.866965922626512,0.40491295592971455,-0.18141807591134976
2000-05-19,-1.7046738938651778,-0.18052461723803775,-0.11584531694215565,-0.6868629682233669
2000-05-20,1.4240494288075776,-1.159278046960531,1.090218293532468,-0.8516362975099292
2000-05-21,0.0858955510890824,-0.5156388513686877,1.816745217739164,0.9247633089483291
2000-05-22,0.3021763294776681,0.3734508695747299,-1.2536410990536826,-0.257092032356
2000-05-23,1.610959724670604,-0.8467300240029101,1.635524541280676,1.6680423080353508
2000-05-24,0.6555911877206464,0.43876836005724107,0.6227108008404163,0.029090255068864885
2000-05-25,0.6092749627940597,-0.07650890377328498,0.6608385970536745,-0.5191373053973398
2000-05-26,0.6153586470092255,-2.0610705638739732,0.4481662496934112,-0.41729198457713435
2000-05-27,0.6339324496339496,1.0470213122316707,0.7496906303241857,1.278930945664632
2000-05-28,-0.6372945299423933,0.03500100614017008,-0.6461330781112318,0.8933219998890007
2000-05-29,0.8342730046136715,-0.5432141603058463,0.7775994355661605,-0.38667894561004207
2000-05-30,-0.21941696803773994,0.14937912743993725,-0.05154187907672418,0.5668700789417404
2000-05-31,0.5300906285284812,0.7592408174835029,0.034353168976530346,-0.0530136274182057
2000-06-01,-1.4363798857399541,-1.2154866681908092,0.376725943458594,-2.5149064439135334
2000-06-02,-0.1337015163245384,-0.5574016147248254,-0.7996291701759626,1.7947911584295233
2000-06-03,0.08988055694334555,0.05114642881830106,0.4922265259059699,-1.2193366509364083
2000-06-04,-0.1271307646024338,1.8724168917095823,3.3180971630147615,-0.45663246648790484
2000-06-05,-1.6563130145782323,-1.031870709602474,-0.7292476670850415,-0.6327240841675648
2000-06-06,-0.87531707865333,-0.2346604546081144,0.8972624177744379,0.23028141248121445
2000-06-07,0.7031938523542115,-1.6363210288408367,-1.363256807530816,-0.12219607743182566
2000-06-08,1.8225496897739675,-1.6933059358551956,-0.10995110521124929,-0.49528629766355065
2000-06-09,-0.1060186620351071,-0.4798967921434778,0.837491332473326,-2.381356374599544
2000-06-10,0.9921819549447862,-0.6934211183561985,1.5440842493384521,-0.7294623357640377
2000-06-11,-1.419223390547507,0.3110647954689384,-0.408495429053851,-0.3419423821294314
2000-06-12,1.5858081935302641,-0.3666453486748526,-0.43097653310664136,-0.38600458455754383
2000-06-13,0.7967435022946925,1.3657926833374014,-1.5279978571130977,1.8525295347588167
2000-06-14,0.6229792819250984,-0.5569600677086209,-0.41424574431286093,0.2339270314990567
2000-06-15,-1.1649076801302274,-0.6859423352786036,1.2948610562980836,2.831500791024793
2000-06-16,0.7377445066570798,0.8157869679644452,0.739383290751875,0.4068543080221486
2000-06-17,-0.9168966960405065,-0.34470798062757424,1.2948405086317243,1.1664527351820275
2000-06-18,1.3963360905301363,0.8593009030179225,0.42279091461336715,0.19536475711757842
2000-06-19,-0.8796023255967192,-1.2661269493639713,-1.9613577835127312,0.22459148285481662
2000-06-20,-1.7627691428658119,-1.0914745910319088,0.03349362471155355,0.3614780856477082
2000-06-21,0.09621530699103084,-1.2642127851661638,-0.2653949611154953,-1.1449486726613771
2000-06-22,-1.6246389913318198,-0.1999305686479015,1.1979615093915876,0.9155806893900883
2000-06-23,-0.7475913441226945,-0.9548783193760257,-0.93919900520935,0.6294376581533082
2000-06-24,0.6721661583972731,0.7178696160288371,1.5157899889508752,0.6931191988679472
2000-06-25,1.2127402307409714,-0.3068138783561868,0.06070691462244242,1.0680388074859788
2000-06-26,-1.4548556090482905,-0.8683760046866135,-0.4342917191141507,2.3937276649610593
2000-06-27,-1.798763452041382,0.9875869458831222,-0.9515135547735608,1.1478147940384058
2000-06-28,-1.1854415789742567,0.422199942180683,0.7936819804416476,0.7968096060342506
2000-06-29,-0.0531925929056653,-0.2306033481998846,-0.16109770176323693,-0.4946018964606078
2000-06-30,-0.8222532673575399,-0.6892405898397661,-0.21751116033602835,0.8906842054952917
2000-07-01,-1.8050236296153357,-1.203629583749815,-0.24143089567353682,-1.9630652074904005
2000-07-02,-0.7272045852126262,0.4851361694924826,0.6258113329368903,0.18603675882121967
2000-07-03,0.1265540961147052,0.1357987305647505,-2.3917211954032784,-1.1508220748755456
2000-07-04,-0.5340374649503407,1.8289348616671455,0.36876695554120575,-1.4521182545607425
2000-07-05,0.20552929766247185,1.4199877926467985,-0.3446525688769532,-0.9968471280026289
2000-07-06,1.2989557558240552,-1.8394050938528284,0.24597056636679226,-0.20383444553284985
2000-07-07,1.7220421550048324,-1.6108154506284809,-0.7234803944984877,-1.2070023302811423
2000-07-08,0.3227192815772278,1.0358568104123034,0.3784056866147137,-1.3573008587791087
2000-07-09,0.16183821856864564,1.3671235297922657,-1.1088823599217115,0.32685609403910637
2000-07-10,0.41511577742599787,0.618863186648747,0.21607153495785472,1.4766539003890127
2000-07-11,-0.6211798429670936,1.943082483482317,-0.20558337074449112,-1.570474820647222
2000-07-12,-1.1544070722988162,-0.9676273016212096,-0.8651579058117091,2.1882942631082183
2000-07-13,-0.5463161364640913,1.8740826771741796,-1.5605592439536018,0.4934156256706127
2000-07-14,-1.427388252727933,-0.2360293829464631,-0.9068502511574704,-0.7711842031328496
2000-07-15,0.10233796481192757,-1.8264675901547298,-1.7322725093094693,-1.6716363522760134
2000-07-16,2.7269802592257553,-0.38420136801240634,0.6491238807659199,0.5302316737238632
2000-07-17,0.4638106064057974,2.302676513974202,0.057429714201584006,0.38881059658011774
2000-07-18,-0.23754317270061678,-0.08095743075699875,0.0298437269935833,-0.8397563074376161
2000-07-19,-1.3616905577577103,-0.36857551016388246,0.9055437357951296,-1.4291280776894986
2000-07-20,-0.3011229677568944,1.2170732410344676,-0.9335301039424355,0.23985211366246176
2000-07-21,-0.4591038193363282,0.9853204370407616,-0.05342248663021591,-0.30580904611390314
2000-07-22,0.5050122435275753,-0.12088039465097426,-0.5302586657639877,-1.4566631474927074
2000-07-23,0.5653797542196244,1.1682466872818387,-0.0949995122133757,1.2157511480810594
2000-07-24,-0.6002779273595092,1.7825076145247927,1.407939007954343,0.320997498131311
2000-07-25,-0.2159755591141915,0.5211300200242972,-0.02328175548988114,0.6683848326778578
2000-07-26,0.35186286793736743,0.18793871960572356,0.8143518451437033,-1.12129454043688
2000-07-27,-0.6720201343025977,-0.3140369751776938,-0.015465008154842811,0.038773767948787764
2000-07-28,0.5692859073168486,-0.9887989356401481,-0.4242684923173886,0.6743424255592181
2000-07-29,-1.177892085654802,0.32074268216071916,-0.5710153982131928,2.3111733988316505
2000-07-30,-1.4201476801423798,0.5100692809904049,0.8574997835000259,1.279306197042743
2000-07-31,-1.5249961218956416,2.6574164368429716,1.2074715207978566,-0.7231090611054564
2000-08-01,0.33307677316763096,-1.0215137877030973,-1.8920683428757092,0.013795364756227736
2000-08-02,0.8623489562472991,-0.6556901934509748,-0.5849180339582986,0.5485524372962566
2000-08-03,-0.7849482913436687,1.3848521685280526,0.9788257917857239,-0.2844476038973595
2000-08-04,-1.1934592525496308,-0.8954749531284958,2.1066147439845895,-0.09893630458957152
2000-08-05,0.613512867097193,1.1793518525113995,0.8795844827807653,-0.44100092496702964
2000-08-06,-2.3202851682065764,0.5218251749646635,-1.2501937703838417,-0.7031159803494346
2000-08-07,0.8246779044646357,-0.8447536623841394,1.1394864027536717,0.36211248811441743
2000-08-08,-0.2908576850517982,0.4231838907108892,1.3468997906980962,-2.678038074252698
2000-08-09,-0.6384867683139442,-0.1814848551289794,2.2684291247080943,0.7606922499910825
2000-08-10,0.34214126051479354,-1.0127542514745822,0.8056854565226915,-0.2829519582582262
2000-08-11,-1.6106308062520975,0.8309502878757576,0.16727852732229184,0.41299031372511424
2000-08-12,0.4512029738706014,0.3954864510472821,0.7598796383302593,-1.1278713825163786
2000-08-13,-0.5852680240225466,-0.19082662297859784,-0.13239058332459183,-0.48042089740609784
2000-08-14,0.6141719194362668,-1.584218321334578,-0.5861499228558656,0.6003168280508645
2000-08-15,0.7700514471072784,1.0247702111117063,0.9660875647380641,0.03132473673852727
2000-08-16,0.5607970812626378,1.7979602371051477,0.5939929045423936,-1.486343799211889
2000-08-17,0.40012076434359817,0.11963457716306977,1.2564368264947532,1.4561687905485692
2000-08-18,0.6913350558860223,-1.8428526269970174,1.030697824806446,0.9762220637518226
2000-08-19,0.71257934052542,-0.03466537843562881,-1.4995795070346953,0.14890935015327497
2000-08-20,0.8365611918907915,0.3098699343393297,-0.3119129119562029,0.11487708847891742
2000-08-21,2.038186605330338,-0.4848162478465592,0.7133178168841934,0.5015317748542754
2000-08-22,0.8915123322663142,0.9395113969486856,-0.2493986008219484,0.7124670717633131
2000-08-23,-0.60380619036881,-1.668728644474364,-1.2214382652029259,-1.093616922424798
2000-08-24,-1.011221479906422,-2.721392168282273,-0.22501539504231607,0.2222858094884513
2000-08-25,2.4393495910896923,-1.8242114823059896,0.21838448093574056,0.9408442578437344
2000-08-26,-0.9758584243969323,0.6920985502771771,-0.9992100633546998,1.4997780672300878
2000-08-27,0.441541694132282,-0.5450264331020106,-0.39675247631435645,0.6398477993908838
2000-08-28,-1.167939391668006,-0.8614846011858076,2.030570990179962,-1.1043906094531708
2000-08-29,-0.5945333943539176,1.2326111845277798,-1.079536537783451,-1.1346597253296438
2000-08-30,-1.3664198016759013,2.089404967774888,0.07980290408381666,-1.16079916078455
2000-08-31,-2.0069172925279393,-0.3117554405946583,-0.603111573078317,0.22068833301827165
2000-09-01,0.5407076271605935,2.1412148608547676,-0.9386628975650814,0.10918638804397178
2000-09-02,-1.148697019285645,-1.2914742618120545,-1.031151627960688,1.1221522161058093
2000-09-03,1.0232247164286898,-0.5475848430460857,-0.06779062612357986,0.18106447281435994
2000-09-04,-0.04107281356016648,1.1968054001939104,0.5094799020704859,-0.2333280005054491
2000-09-05,0.5108112937247211,-0.8338117164365391,-1.581533967935273,-0.9464721570142818
2000-09-06,-0.32900187930718955,0.36369427474496535,-0.043302926452121866,-0.17343751045636907
2000-09-07,-0.8273086884473703,0.23684664242748069,-0.5902870047161728,-0.183655185603
2000-09-08,-1.4841844776434037,0.12793577672461934,1.3903515731864773,0.4105114042897667
2000-09-09,-0.8343379892629752,-1.0991935555574273,-0.9097241940815317,0.17420480275316158
2000-09-10,-0.13243836228161573,1.0532742020519024,-0.5184739809921847,0.3982169036462357
2000-09-11,1.379016674455555,0.3187183593460306,-1.4978121045115043,0.5799026893355859
2000-09-12,-1.0345789824195102,-1.370608420040112,0.01408880231997537,-1.2115246457745505
2000-09-13,0.6932674309400755,1.2194391965435787,-0.32625700462335444,-0.7808167332659912
2000-09-14,0.05539734123249267,-0.44141178652471125,0.8384119087615751,-0.987496383366227
2000-09-15,0.9537523748367498,-0.6053273253050423,-1.8871378107891024,0.9710349235302383
2000-09-16,-1.4044299305889725,-0.22908436687687023,-1.7770611216858359,0.44008178682021465
2000-09-17,0.5024613467344362,-0.27369044314485247,-0.37656217607006054,-0.44202966549859446
2000-09-18,1.2877995676486134,1.0950412081039755,0.833788582610685,0.3346398529158165
2000-09-19,0.44094153490174653,-0.18644278047116575,0.6217540359810735,0.5404330609590571
2000-09-20,0.213330973119184,-0.19262510671691963,-0.9107271014300189,-0.3170856706167627
2000-09-21,-1.330500530606582,-0.19635774520480456,0.28856932202703267,-2.1483463964354637
2000-09-22,-0.09801001295141784,1.6470748462280347,0.3424357059263724,0.46102858046620543
2000-09-23,-0.6076374942925876,0.9400329736566997,1.341066225058323,-0.4146046020590532
2000-09-24,2.088933113530928,1.1297398846422357,1.2604996655986973,1.0420404781079673
2000-09-25,-0.5731651775705862,0.5143644778806822,-0.9195393607501731,0.18307367571022026
2000-09-26,-0.4081763496279265,-0.04264193404053637,1.141426406405305,-0.4264161643075848
2000-09-27,1.2155942633534647,-0.9411087721394771,0.9430251377750349,0.47823656488258387
2000-09-28,-1.6467572606280407,1.5093973290684606,-0.4167396992040294,-1.4564822803085566
2000-09-29,-1.1487822346267567,-0.0992168053246107,-1.2943919732854172,0.5879747894659421
2000-09-30,1.1762021050301743,-0.7341628560219299,0.09806642395390791,0.9999999101431707
2000-10-01,-1.5780721108800588,0.22983071774358407,1.0785019249949896,0.21710372379851564
2000-10-02,-0.5196684292591095,-0.7091211795423508,-0.3103361175240038,1.068275646942999
2000-10-03,1.2053017496001923,1.608406344280369,-1.2348124635692237,-1.1102173608453432
2000-10-04,-0.6373648585371114,-1.2581015265765405,-0.20418193762162576,-0.0022100104403030593
2000-10-05,-0.7378723938005428,-2.0224994039422173,-0.3047274374641012,-0.6341521942541378
2000-10-06,-1.5338038361802573,1.4704195036018692,0.44874298979572547,0.5959813138366843
2000-10-07,-1.26733300032569,2.1163305471960565,0.8159187251060176,-1.1054940384227911
2000-10-08,-0.13168050455237149,1.3619815875287506,-1.1446343724334562,-0.2841938648544342
2000-10-09,0.8082672074987868,-0.08932083769513895,-0.7668449063708326,-2.2331893851326714
2000-10-10,-0.31982780469057936,2.342456472701239,0.37323276942621175,0.5718495219876796
2000-10-11,1.5790662627898464,0.3684513538793269,-1.3161863590948302,-0.5989788527660828
2000-10-12,1.0695655904244923,0.07873153435442319,0.4458685658056105,0.9010618087070363
2000-10-13,0.5094676936386664,0.4546221427142648,-1.2632574983700582,0.05831999282753338
2000-10-14,-0.25052933473357464,-0.13792439160137088,0.6892372243100335,1.1801585999979156
2000-10-15,-0.20853170520990927,2.167891780077562,0.20487373370708328,0.15994484491003585
2000-10-16,-0.8441820062281942,0.5425418623190704,0.14472087159192937,2.3163462364717624
2000-10-17,-0.41229441590764754,0.5510611268103653,-1.0152747396245991,0.8809815497064813
2000-10-18,-0.9049330350167495,0.6102740533764052,0.9487777120502845,-0.9749249787270736
2000-10-19,-1.3934638930110532,-0.15204790508816604,1.1273661998932687,1.1181254435886383
2000-10-20,-0.02095106473225164,-0.21788386075968535,-0.880652893794899,0.3328070988247971
2000-10-21,-0.6467634140443427,-0.4587330550024155,-2.292477553512037,1.0217195107080228
2000-10-22,0.3762882167383103,0.06551782938118075,-0.6095248683567513,-0.46887108064382654
2000-10-23,0.5146637214398617,-1.1549761090110862,-1.9011990325387766,1.433289053194028
2000-10-24,-2.5147703128954637,0.27058114404405337,0.7432683369474617,1.1539665405157726
2000-10-25,2.5351789433620175,0.39668445551583975,-1.5762936567399868,-1.3470788929143334
2000-10-26,0.879501767345071,2.2143399552402063,0.6758765048032668,0.7818568971512991
2000-10-27,-0.46926665600095613,1.0105621822089232,0.6101578871128925,1.0592486309512879
2000-10-28,0.15809961091900981,-0.015284836123352265,0.9586514418330975,-0.22950977888988694
2000-10-29,-0.4963829063106482,-0.10003310681468464,3.254944269700484,0.5788111488455148
2000-10-30,0.2035325503838014,-0.5866882975808624,-0.12179693284851911,0.3242715528271754
2000-10-31,-0.45938092841147254,-0.032012780429797334,-1.7040080694546198,-1.480132178538009
2000-11-01,-1.4264526996642448,0.07252550962904274,-0.323467135845764,-0.9547443145604405
2000-11-02,0.6990116336184197,0.023107468017117005,0.5285962352722575,0.39040184763866553
2000-11-03,-0.594648171887713,1.5919420510554987,-1.3561319060153094,0.9625796404192594
2000-11-04,0.8996738668795442,-0.7068888896893668,-0.4458825469333359,1.034083310425351
2000-11-05,0.3526995404114505,-0.854787564665098,-0.503993952801983,-0.5312397899598913
2000-11-06,-2.0395384219143446,-1.2419690646349808,0.09947719248016189,0.5665554502132654
2000-11-07,1.0253069385975617,-0.9024329940485939,0.8233155212116976,0.6468561671467989
2000-11-08,-0.013883146979188212,1.1163139511257243,1.545186830292289,-0.7243620913682141
2000-11-09,-0.7980964176003716,-0.9424283768969656,0.6918998791913116,-0.19059240398874508
2000-11-10,1.7504279215732348,-0.3710991478368471,0.6035921577146525,0.5758305157622899
2000-11-11,-0.03446875378846187,1.8053868666187118,0.08164248170313498,-1.4688712128512276
2000-11-12,0.27299842643688,-0.28411898248677825,1.2296372232893955,0.0710442579711971
2000-11-13,-0.30848150619485126,-0.6450991705242486,-0.5044365645682055,0.4003293572381963
2000-11-14,1.499565506538767,-0.37134546952563235,-1.1415351489493502,-1.4004925988403012
2000-11-15,0.5571245537931316,-0.12772803439790742,1.349406977827657,-0.39963382465377656
2000-11-16,0.11773005059783088,1.3481442705730537,-0.8139903145337865,0.6472015654803861
2000-11-17,0.06905523927427415,-0.6292655932547683,-1.3831482949093383,0.33767279587678756
2000-11-18,1.2920345256734307,-1.5211827839181704,0.6925881381255885,0.30900983015585737
2000-11-19,-1.0205627371782788,-0.8382267765149333,-0.7116113310725494,0.9508408462257872
2000-11-20,2.5551839893459563,1.1212917243146243,-2.1273741392188485,1.5016844293378304
2000-11-21,-1.4065044557236375,-0.4105161513158887,-0.21790633885553792,0.49818531394238286
2000-11-22,0.9494631564070363,-0.2859461403158843,0.7884611474550764,-0.7708691995039704
2000-11-23,-0.6891965884425897,1.2478576495106313,-2.3821317459982625,-1.333869046003053
2000-11-24,-0.8383706333425983,1.4742270297801927,1.4664917794534058,-1.3785071293039999
2000-11-25,-0.684014059114811,1.5195183192149064,1.6028474611580088,-1.4100661873828597
2000-11-26,-0.4333348812172293,2.203450769019133,-0.17761408316419341,-0.364796864423341
2000-11-27,-2.0971053882683797,0.4406049421769375,-0.1992798785034355,-0.6959071970048459
2000-11-28,-2.6484972394267046,0.21865962140680645,-0.28357248337879276,-1.667131497444693
2000-11-29,0.5842735423668775,0.00020198870274482867,0.36764548089511123,-0.14354523536831149
2000-11-30,-0.21560138530275175,-0.21670212835705366,0.6384767258692589,1.657092566490085
2000-12-01,1.0901232623256887,-0.7531479401050152,-0.8940537075363773,0.4537235267365654
2000-12-02,1.3075153763768972,1.4036995841211044,0.7875863752396658,-0.19413728782942827
2000-12-03,-0.8686164003825113,1.2919033847044714,1.6328643612164475,1.0024795977474736
2000-12-04,2.160718919276611,-0.1478194705654277,1.0496382894041176,0.7594166060906468
2000-12-05,-0.7333315407987223,1.2389738022524937,-0.9253136508094597,0.9316789768414521
2000-12-06,0.596281984333897,1.521570654027805,0.8500373904586863,1.2446888748111937
2000-12-07,-0.39353290233943544,-0.35122354707815506,0.4642674743303096,0.07088113987901494
2000-12-08,0.6115902580645209,-0.18184829808704456,1.044287633920198,-1.2864413928227272
2000-12-09,-0.2639944497451076,1.282446723977306,1.5911324885205158,1.2051281221424464
2000-12-10,-0.24801400181709835,-1.4544804032473804,-0.7541114839573114,0.8746904930152885
2000-12-11,-0.9241889083504303,-0.7617536354159041,-1.2380012634441344,0.2589822785215279
2000-12-12,-1.3372203074271007,0.13836473402472416,-0.5186835411325278,0.052967857451882
2000-12-13,0.317279377927651,0.3351473262564754,-2.388843448199746,0.5156202748339714
2000-12-14,0.20144314276738826,-1.0415921024756405,0.5142887499520986,-0.3144532859378298
2000-12-15,-0.27652756321247235,-0.8230440646152395,0.5466489563439695,1.3028319419004661
2000-12-16,0.12900761911450281,0.1860125149906856,0.22548835201071085,-1.0884234787862315
2000-12-17,-0.28828319654033513,0.19156935685031984,-0.6889061899926915,-0.4696583227233063
2000-12-18,-0.3883540885565862,1.2971564978842176,0.8784105749762376,0.01975586948494185
2000-12-19,0.48831955071838495,-0.025378307836731805,0.08451892048525451,1.1870440001118818
2000-12-20,-0.3138964191468449,1.8889211364230822,-0.6267650730783666,1.7423339061088383
2000-12-21,-0.48473326631733893,-0.22085516411694228,0.7457018097969397,-1.3798006546794532
2000-12-22,0.14852739696423178,0.06785550382613462,0.6161133120862571,0.16651507175294544
2000-12-23,1.1716672867646736,-0.35245907571175306,-0.14605280556697955,0.7439740029728255
2000-12-24,0.7750019486110815,0.8929128942107706,-0.274461271813022,0.011210654037876048
2000-12-25,-0.5570850300958912,-1.2710490033054895,-0.04596866316142279,-0.46403107999135385
2000-12-26,3.224532157798613,0.4038938381822975,0.7900238038765396,-2.2992520825797627
2000-12-27,-0.8741355706946626,-1.3639685568635795,-1.1153083848234508,1.1637831905035823
2000-12-28,0.8453894231833411,1.4560663329796755,0.14277264896635325,0.008782898506324731
2000-12-29,1.3218197490775836,0.7070454036426638,-0.2740162574696843,-0.1840315520849725
2000-12-30,1.0058497389322574,0.6056320669305294,1.519724956737175,0.5116825397881184
2000-12-31,0.6190733955229158,-0.3277007169844577,1.0697035384341034,-0.17112970942365738
2001-01-01,0.511856754650331,-0.28508014430939077,-0.5353176488415542,0.53555015104681
2001-01-02,0.24014437929198587,0.8489112858543122,-0.16460332109607695,0.7310918345633655
2001-01-03,-1.371990324321553,0.9201376045299454,0.6738572710791595,0.69108046042698
2001-01-04,-0.4604842555367018,-0.6268405646651204,-0.3680984229829518,0.7201538527929834
2001-01-05,0.8546399197136602,-0.6551649853411871,-1.2917830205067935,-0.5950526504000556
2001-01-06,0.6364222428573002,-0.09519578393888038,0.9458480484536103,0.4081960506943496
2001-01-07,1.2970248070170713,-0.7416209338085489,0.4852603795085797,0.12102178702935293
2001-01-08,0.5638901144312048,1.0541478310279608,0.28847197520331874,2.6227033548172543
2001-01-09,0.31437743835471105,-1.0692139473556963,1.5413306905238133,0.6687921533864146
2001-01-10,-0.8602606412628863,0.039394264885691616,-0.9816864857686984,1.1242974848451905
2001-01-11,-1.2227947080471773,2.0226841842210277,0.4214811409153255,-1.8806370322999082
2001-01-12,0.9473481863852498,0.23826930842310529,0.10419690316433436,-1.7277213529521318
2001-01-13,1.3557538747845048,-1.0970831315430667,0.5567882127095128,-0.4834827338352145
2001-01-14,-1.0586054422260938,-0.5614205314555955,-0.4383993474040176,0.41852934550229437
2001-01-15,0.08108588733583373,1.349741472364854,-2.475936262175918,-0.056237174045191955
2001-01-16,-1.0122349376849527,-0.9419402806622535,-0.3000838451371583,-1.2501233448784195
2001-01-17,-0.5692191683544017,0.3744057588360751,-0.791924245469313,0.02004756834138133
2001-01-18,1.1273854531936038,1.1226853693804866,-1.163447354881607,-0.467451252630881
2001-01-19,-2.3466980433208975,-2.535491574259624,0.9332538981410919,1.2761758033138169
2001-01-20,1.4603886194196707,-0.4481192486259729,1.9969594894404896,1.9211906182437029
2001-01-21,1.2113058184303374,-1.035444874350272,0.9157119309734346,1.3155479084711346
2001-01-22,-0.021311337200125076,0.7399023470113677,-0.1535719810237207,-1.0107513260665826
2001-01-23,0.002822462307709329,-0.057617342978363704,-1.825474637852804,-0.4455946956650083
2001-01-24,-1.5978837278486338,-0.12739661708541664,-0.6901588142695886,-0.00815819862335958
2001-01-25,0.32957686793009655,0.4010733485314814,0.45773843788748625,-2.079744941226386
2001-01-26,0.10430755392792462,0.9936729473095087,-0.9106164072676007,-0.6741703395684052
2001-01-27,0.01043150036964531,0.1631091492626111,-1.8036619696370952,0.065910931392228
2001-01-28,0.6124688224387563,-1.4549680751272027,-0.12817878936131488,2.0800791282161866
2001-01-29,0.01882493273180516,0.29572945569937265,-1.872855593317253,0.39479231448747915
2001-01-30,-1.3806914094613458,-0.5148421763450649,-0.42573149323654863,1.592248708949186
2001-01-31,-0.6970334040783329,0.7280744168753798,-1.3100251722278593,-0.6370489922133753
2001-02-01,0.5526837477140691,-0.20584703405016017,-0.5027671706265944,-0.437774546325196
2001-02-02,1.152399200066463,-0.23913706007646204,-1.1479273180343605,1.4467133007841522
2001-02-03,-0.36336899546766765,-0.11078346338617931,0.3236590742667534,0.22826029996840833
2001-02-04,0.3878942096019294,2.065326294749239,1.1523027761680102,-0.07586836422539989
2001-02-05,1.0107234439081025,-0.7930330296440995,1.0666473823843035,1.5022504507740015
2001-02-06,1.0916194919305533,-1.3199881899656918,-2.9153461223291326,-0.6264600463524521
2001-02-07,0.31780036014394575,1.7548449253910485,1.7391329235372321,0.47993769591162694
2001-02-08,-0.6077097658826078,1.0415726452277057,-0.6463239192299554,0.2364540456172332
2001-02-09,2.6578361783588456,1.6333156717509416,-0.47496179837162,0.16776624856788555
2001-02-10,-1.270079252276509,-1.2924369843909174,0.6691977704156871,-0.6322738459842154
2001-02-11,0.7877260064021894,-0.051998040184552334,-0.47418372267737485,0.8984294397985854
2001-02-12,0.0232104525678169,1.1543498197403694,2.855255392600327,-1.6583239286994764
2001-02-13,0.09787810557618215,-0.11496974384942404,0.3720094828198091,1.4966183747445332
2001-02-14,-0.15392649746335216,-0.7406901263924477,-1.0369163855474934,2.1167576802908035
2001-02-15,-0.6704632298607384,2.2295318319636146,-0.3613788698987783,-0.8549235410781393
2001-02-16,1.7786897643897208,0.44519311935720823,-0.32322477836850827,-0.005850571071395341
2001-02-17,0.3736069391419518,1.0478898250789048,-0.07305196380975659,-0.14238124750259448
2001-02-18,-0.5034938505186759,0.7451095450930463,-0.802742700563247,-0.32263826591624595
2001-02-19,1.4757079759574814,0.12910850204579588,1.0306989677496605,0.16940662559186787
2001-02-20,-0.6846637751592985,-1.3371201326626683,-1.5221698595496527,1.3389041169658262
2001-02-21,-1.981538572849525,-0.3749015918563103,-0.8457363854258402,0.5306040666402618
2001-02-22,0.8152284882618821,0.36152443760528385,1.3807888612621655,-1.4084072551375628
2001-02-23,-0.9908268810482342,1.062782610543345,0.7808053075211178,1.8988302348448651
2001-02-24,0.3724986291416656,0.1585538097566743,1.4317531738020208,0.07297055435539199
2001-02-25,-2.7464830320406284,-1.3138353083562735,1.7731002894590522,-0.15502464370703087
2001-02-26,0.5155251210581283,-0.22717499066982205,-0.9129275130550851,0.5612096881251055
2001-02-27,0.4412570828899408,-0.6408532623035046,0.6294565865803178,0.6632161393828497
2001-02-28,1.5918115089107325,-0.6401125797602172,0.9279248378643168,-0.6996584742619789
2001-03-01,-0.13322063591019073,-2.846631605466467,0.42661673411290185,0.347794477935891
2001-03-02,-0.5121773471270452,0.2693060164433304,-0.1151195760728705,0.02609725587261419
2001-03-03,1.721703245732302,0.24807006119424466,-0.9871800358034526,0.4638396570308709
2001-03-04,1.1038603642826719,-0.9511579679877726,0.7391866384865572,1.3452464416030567
2001-03-05,0.22759101847774246,-0.40861142839379644,-1.2322842905554294,-0.5666703591810534
2001-03-06,-1.428184993900059,-0.4666505542724038,0.20638765076753762,-0.9582993620997031
2001-03-07,0.4671464943380396,-1.1934647519416641,-3.0245134878289788,-0.09082271463335141
2001-03-08,1.3063857660813747,0.5803100926844249,1.558660194876829,-1.0758320841613322
2001-03-09,-0.830240596552594,-0.5202858972923421,0.6560788458275834,-0.7033569867837592
2001-03-10,-0.4757522211869439,0.6676430960564932,-1.091237014279987,0.6216280748310213
2001-03-11,-1.5194099834270558,1.6285140168288157,-0.1348567261475821,1.1422823415587093
2001-03-12,-0.13473789733603952,0.5224181591581282,1.9218249714929105,-0.5330722092534864
2001-03-13,-0.7776815291639342,0.8040719913408311,0.40695072412450545,1.159961559834287
2001-03-14,-0.2904873502657247,-0.3143713576322586,-0.2641198592881441,0.666349816790808
2001-03-15,-0.9986004468337464,-1.053990593504292,0.4062638031046536,0.0959159979151019
2001-03-16,-0.020468308412947715,-0.7665147392860119,0.5056121787980465,0.22511401285091107
2001-03-17,2.253522235123806,-0.30414156406047105,2.0768545325999264,0.16193706598618152
2001-03-18,0.9228489865397722,0.5047508507754822,1.6156947125808925,-0.10096254535137894
2001-03-19,0.4232582354429305,-0.3166109709094384,-0.5782186082751198,1.130027857193376
2001-03-20,-0.15899737304997164,-0.6606959471643166,-1.3425331856965572,-1.07735500904977
2001-03-21,-0.16813848635786244,0.14339009850113799,-0.16109561542064163,0.2869894974069345
2001-03-22,-2.3629028771532763,0.4129220287654643,-1.3460929343764447,-0.015706486196414307
2001-03-23,0.29777705832430496,1.155632488271937,-0.9891848659801332,0.3767996552361455
2001-03-24,0.3862955645064446,-0.6215870851658719,1.6224397768555967,1.0262419980095066
2001-03-25,0.24107668240785915,0.4588232976552032,-0.6105597209122495,1.3710585514586457
2001-03-26,-0.0800795939963735,0.8565941207862938,-1.0187893722880692,0.321316475739278
2001-03-27,0.4106376297228692,0.450851966251836,-0.8641646015162368,0.017680113186575183
2001-03-28,1.5452198539056523,-0.3421817919049452,-1.2282115970666128,-1.1302367196131116
2001-03-29,-1.3738156802776795,-0.006952039200314539,-1.044970607335761,1.7277611443122627
2001-03-30,0.04671589359155441,-0.5043952964739422,0.43887655447384033,-1.5923599326278584
2001-03-31,0.9434982313787139,0.3297419991690584,0.19192512041425763,-1.0556180476101267
2001-04-01,0.6441405274346134,0.3333451085007606,0.2692100690250813,1.1969368488308936
2001-04-02,0.10295550371292427,-1.3586959634877422,2.3076099636918754,-2.311964086846051
2001-04-03,0.8632161668081018,0.7408633391382032,-0.1548232810255231,-0.5527560121816479
2001-04-04,-0.6707289486845539,1.0132460589359564,-0.10934100804522559,0.6408620489499988
2001-04-05,0.9482755718583393,-0.05486082232954721,1.0374395847561098,-1.0851676850921699
2001-04-06,-0.6972027734622825,-0.3209091443823219,-1.6122701130878376,1.1072152920403417
2001-04-07,-0.8234521995877216,-0.03342584537298055,-0.42238981552793203,-0.790035886930338
2001-04-08,-0.016939839470744664,-0.7236247349711787,-1.2478773251972881,0.3043167903459291
2001-04-09,-0.9584047817772526,-0.46779495653459624,-0.05873642760935171,-1.886827816676355
2001-04-10,-0.25692221810731536,-1.694741837137022,0.49526746990529963,1.585106630748784
2001-04-11,-0.7949226412304776,0.8622096921936666,0.880085763052071,0.144176875757988
2001-04-12,-0.7869603085974198,-0.8110428688899223,1.6153776907518365,0.5496571354523936
2001-04-13,-1.0379392411553687,-1.3674641319265888,-0.7377409720647791,-0.3592781103152198
2001-04-14,0.3166829534913736,0.7784141238429444,-0.683996999573053,-2.9173348899139433
2001-04-15,1.6821179893104576,-0.8667967271713005,1.34054657917544,2.2694341804643945
2001-04-16,-1.116065120497676,1.2720498041431845,1.1945290666315014,-1.6472807088774555
2001-04-17,0.8207446438881414,-0.5057649047019864,-1.6151533921373753,-0.7743910940662295
2001-04-18,1.0630065838194152,0.4850514167397615,-0.4755697261860451,-0.8858108269513756
2001-04-19,0.23840605895280764,1.2253849908020904,1.4587259949621876,0.19027687873809196
2001-04-20,0.12202833786698994,-0.6521974608000167,1.754222197145876,1.9582924779450388
2001-04-21,-1.235344618863871,-1.04363115501833,0.8306084287546136,1.3949636856264607
2001-04-22,-0.3494204678697673,-0.31125248330831917,-0.481351580189612,0.10836491843702009
2001-04-23,0.8147857270235331,0.563192555338831,-1.0565497527239076,0.5562900393727734
2001-04-24,-1.5256595298160427,-0.5437308823182109,0.8916465074659912,0.2748148639247722
2001-04-25,-0.22517687054076457,0.015669612680091604,-1.7984676219734286,1.2299846749932553
2001-04-26,0.28715768075575376,-0.7483969301552029,-0.3378461233098108,0.3959232861023586
2001-04-27,-1.8207726976152054,-0.010279604049486194,-1.0672935772743366,-0.009835490740723192
2001-04-28,0.5661995896486142,-0.5598200268247288,0.11952416507170786,1.2358241089655249
2001-04-29,0.6880518800476628,-2.913040218457681,0.5059519189415661,-1.1534594751009328
2001-04-30,-1.2170981810430241,-0.06251509574203147,-0.040181901952346395,-0.48174945407259645
2001-05-01,0.2986165817107537,1.5674486001643362,-1.2184789911885316,-0.2038302395042169
2001-05-02,-0.09890220799101096,-0.2608261127857143,-0.17035441014344457,-1.1472225786166157
2001-05-03,0.647259828868265,-1.4779258101656212,-1.429992557421588,-0.35204435026811665
2001-05-04,2.611772358734625,1.467017817645385,-0.611272341095605,0.9802722723699971
2001-05-05,-0.7838917750692084,2.207513775763549,-0.05226848381064672,-0.0593396248676239
2001-05-06,-1.5973555276507536,-0.8193015720836391,0.4669597715412698,-0.8976490803140456
2001-05-07,1.1274759342854854,1.516618721236298,-1.798892337587696,0.7633899605765802
2001-05-08,0.49078741105928586,1.208421764989443,-0.8127987997394635,-2.472324684018845
2001-05-09,-1.4133101265140071,-1.104399066747997,1.5678005329847218,0.7161740343707466
2001-05-10,-0.18000174519607007,0.17746073426423914,-1.3120738018834321,-1.4994788391222027
2001-05-11,0.10576245532373812,1.4239064998668043,0.40161804223876135,0.038118996168016915
2001-05-12,0.5875255386505082,-0.11834355847033078,1.2136273106106452,1.6262821622133492
2001-05-13,-0.6570490476936164,-0.7177626258057491,0.6714753389692235,-0.16114587948297318
2001-05-14,1.8455325647430794,-1.1241381046536745,2.3374069735944882,-0.7271877032588802
2001-05-15,0.2772026458046657,0.4376553506899182,1.5487407268986422,-0.46167615803253076
2001-05-16,-0.10588152442809885,0.35419228284972737,-0.20481430713958065,-0.35609281673381116
2001-05-17,0.5907755929899008,0.5257938205825783,0.8972892438721166,-0.9408829506868944
2001-05-18,-0.04422894000364922,-0.5952448417244661,0.9079448530513323,-0.7881360821725786
2001-05-19,1.625164802194227,-0.6314969281382056,-0.28457513223200837,-0.6784944012996506
2001-05-20,0.3968193332960702,0.09575486515234923,0.09656586286235529,-1.0457148753852301
2001-05-21,-0.3685267403201881,-0.28687817103709035,-1.4759701809243981,0.39052890555130176
2001-05-22,0.19872975683864227,1.017843931563213,1.850246743510494,-1.2435979423794985
2001-05-23,0.22216648899811256,-1.9831385325786337,-0.2594570728083728,0.3623448315211857
2001-05-24,0.6455341960364973,-0.2987199846332056,-0.26413137506687445,1.0660770690775268
2001-05-25,-0.7460298825249743,0.8248759687252611,1.4123412965873803,-2.504448874344579
2001-05-26,-0.8925038902596016,-0.021975565758827843,-0.921578132085701,0.7762022167130651
2001-05-27,0.44900633747982405,-1.5750758534825,1.0883017234555343,-1.247019093164117
2001-05-28,1.2152990709408098,-1.8881789183431439,-0.35965956010054495,0.597144412190378
2001-05-29,-0.008774075401844607,-0.03017730401352728,1.4996346530693978,1.9805235715231955
2001-05-30,0.37085323854950514,0.5752920419471999,-0.7765149463373414,-0.018522128209058807
2001-05-31,-1.139766570574773,0.45701537056147357,2.3805354448180247,-0.06698476309417212
2001-06-01,-1.89450734515731,-0.7409202011578778,0.24393782637712216,-0.5350167755815078
2001-06-02,0.353424376839363,0.8670750413201358,-0.8417185053949927,-1.049628455755454
2001-06-03,-0.9277623384465955,-1.6935570044731159,-1.3460504671852696,-0.8001325816646693
2001-06-04,-1.3085087958139967,0.8802861831626849,0.4180494997901443,0.6059096092180489
2001-06-05,-2.00324136827788,1.4355421075653616,1.1759359682352588,0.6069809075461958
2001-06-06,-0.26530519183275525,0.28946169761613955,-1.385872298951973,1.0776917415449638
2001-06-07,2.306983625834067,0.5843884999471612,-1.1849089028858466,-0.8569197623213295
2001-06-08,-0.95986122480696,0.5561795426193997,-1.3448490149591326,-1.866067032487129
2001-06-09,-0.15067324557436748,0.2651172496286319,-2.1469320117317565,-2.048289212661229
2001-06-10,-1.9030144284873842,0.6126867939174993,0.6433538701496295,-0.989728921255954
2001-06-11,0.12018694139235317,0.3709327419544093,0.9728382698109791,-0.41967959362701823
2001-06-12,0.38112691023427747,0.5313164529992743,0.6335147663865822,-1.1733399133829716
2001-06-13,-1.9154475923145504,-0.4060746335995312,0.0992997637789943,1.58892531444994
2001-06-14,-1.122837524930699,0.5373208069406753,-0.17241838591756836,1.5678288582988296
2001-06-15,0.9217194771989342,-1.0356951426961873,0.18012838717226268,-0.007674329740111508
2001-06-16,0.3874561920516059,1.7447953127162728,0.7861072038402988,0.3711450715806743
2001-06-17,1.8022334897938692,-0.09271275566460642,0.32290199340169684,1.0830337900947107
2001-06-18,-0.73191739787071,-0.282651160071888,-0.419679156868282,1.263872140992354
2001-06-19,0.864822269332687,-0.6567284241339578,0.17784771139353237,0.766537533839394
2001-06-20,0.9129659042989651,-0.043624230523570715,0.6857032988357625,0.7022367684913476
2001-06-21,0.5946055121899968,-0.7991038370622723,-1.1978100695044045,0.2863386465519799
2001-06-22,0.9725560728301276,0.9590426595774122,-0.0903315617700671,0.26680559514799385
2001-06-23,-1.462511202541484,-0.39045939392773277,1.0620883611669039,0.5797168006286857
2001-06-24,1.359301700335579,-0.24260728027863906,0.8562524100977054,-0.9745953042759551
2001-06-25,-0.640521467807915,-1.537079369892547,1.21854381914077,-0.403024697313968
2001-06-26,-0.9313717537128933,-0.5087109642501255,-1.1918113905058587,-0.2624547871728329
2001-06-27,-1.0555001709154483,0.558756044029312,1.0617257226710148,-0.8153185057772633
2001-06-28,1.3822244033744453,1.0170013290644135,0.6256593423434071,0.8101752105251071
2001-06-29,-0.05221129829034581,-0.8385316315212333,0.8621833055982462,-0.4706867662502086
2001-06-30,1.5478843012602825,0.997146395084152,1.0760495095264953,1.1581187444139436
2001-07-01,-1.0658820551796435,0.5551639776375427,1.1191319810804758,0.14575711664144506
2001-07-02,-1.04942969183462,-1.8132475024559382,0.19533438957901295,-1.1556661096288432
2001-07-03,-1.3759009416025272,-2.6208662289531213,-2.1520834622896916,0.15433860200543523
2001-07-04,-0.6099672980027052,0.9832316626661534,-0.3495878063129556,0.480545059160181
2001-07-05,-2.051096207330713,1.8128770633121365,0.8013854071613361,-0.13271033569277252
2001-07-06,0.25492333038763754,0.4129920890824833,1.507692383687628,-2.552558246231764
2001-07-07,-0.25786231601136445,0.2348354858258866,0.4712630094151501,1.7312266467269957
2001-07-08,1.0255011984698674,0.20052761751956688,0.674394253562605,-1.778581861747868
2001-07-09,-1.4648148728130481,-0.2336358303905204,0.3504098491122473,0.23482843550770616
2001-07-10,-0.1372508619220704,1.9414570613806714,1.196894944566869,0.4221272831837747
2001-07-11,0.04548371933682974,-0.20592217963039453,1.4060916942523043,0.7957425479391641
2001-07-12,-1.1318443161810303,0.12784213347771056,0.4698559736577206,0.31093480348159075
2001-07-13,0.8537379426917026,0.7865450506246917,-0.017627705110009873,-0.16058775410699103
2001-07-14,-0.6593438365397394,0.12872090001065495,-0.0849429807235405,0.41346884653408095
2001-07-15,2.0707342871215455,-0.4030366395941578,0.2999706324476337,-0.1584897820657709
2001-07-16,-0.6888601649396984,-0.1686647185414718,0.33439687175266103,-0.6546229417499569
2001-07-17,-0.3624513540674686,1.2686232657647685,-0.6679033598680334,0.8010777122581468
2001-07-18,0.27116740012034635,0.9014349869206335,-1.5887338365684163,-0.1173156460267442
2001-07-19,2.367705315326625,0.9071428769349431,-0.6959616854390407,0.36079585662745817
2001-07-20,-0.6235714183809274,-0.1983925640245855,0.9412542109717111,1.6411838687497622
2001-07-21,0.527406954972276,-1.052865861083385,-1.6231662180662074,-0.46256961118435086
2001-07-22,0.11129898452160983,0.23191883234506808,-0.7422787812726976,-0.19188791350207457
2001-07-23,-0.7648633290785926,0.5999755553386406,1.1403610741006394,0.0926257947280769
2001-07-24,1.8904566746115723,-0.6281289337773432,-0.7172645023050651,0.352840458111251
2001-07-25,-0.34558814555587547,0.8701238421032306,-0.37331930681699316,-1.1184726975692576
2001-07-26,-0.8279294910354397,0.04331921658973152,0.12916650079338438,-0.8843537149058109
2001-07-27,2.3537754182163084,-1.2550623830779346,-1.0566786439749014,-0.8014529569020747
2001-07-28,0.5220774386111435,0.7864260331532611,-0.3310851872495148,0.9475694367344513
2001-07-29,-0.5463383789627178,0.6716819117052255,-0.30203915113879476,0.7514887133720181
2001-07-30,0.8910149821132641,-0.7036373215462518,0.3806879375823941,0.9731650861011689
2001-07-31,-1.2460611298595288,0.21303538981720377,0.3650887918205919,0.3287823415208302
2001-08-01,1.1099193142169401,-0.09856701547174664,0.8052186604932702,-0.9251934356861398
2001-08-02,-0.2556774849863835,0.13930769648521085,-0.1827575199392477,0.007878367589167904
2001-08-03,0.1746646094240609,-0.6546748208398147,0.5819586867792653,0.6668351066092791
2001-08-04,0.06433449000978451,0.6473536644577816,2.0581528814781835,2.9049412396499763
2001-08-05,-0.28493931890797564,-2.042405202515072,-0.8029896569145649,1.5584643257157051
2001-08-06,-0.5040451704578295,0.4015356691581073,0.16301759116851977,-0.020777228514364487
2001-08-07,2.437702363790375,1.2613966931084257,-1.546463630193206,-0.7373653804960114
2001-08-08,1.2520896853874357,-0.5852664505507034,0.9760207459610806,0.9872386231313862
2001-08-09,0.6171857088634906,-0.8908594905581535,0.7230012726133663,-0.12337147016257957
2001-08-10,-1.3480344862975722,-1.2104803281261023,0.06415527651891037,0.353593487647678
2001-08-11,1.1473784657861816,-0.798514967917636,-1.3571628950710524,-1.2456467434855905
2001-08-12,-0.16139131735061268,0.8872643706538221,0.8953792658831272,-0.13186858033313154
2001-08-13,0.4084891715665257,-0.21930121681700168,-0.8060733958105493,-0.8774023214122102
2001-08-14,0.31772649314396817,0.11148282240464646,1.8989453417265056,1.599236539126311
2001-08-15,-0.8212901127406609,0.45566674941454977,-0.22351482124297842,-0.12373278446175609
2001-08-16,-0.6209218788207658,-1.8802462928325532,0.3792492063132417,0.07364096663961467
2001-08-17,1.1106924364543453,-0.4136213815677896,0.9962066358113966,-0.7520271310813174
2001-08-18,0.907689181281736,-0.7625614323318515,0.444228206136855,-0.12005476139806913
2001-08-19,0.13197666891131826,0.9252464489887328,0.006471092433151026,1.1197299580579378
2001-08-20,0.40684650146983997,-0.48961691688779096,0.0826294263718716,-0.14227530555097626
2001-08-21,-0.05013094974893674,-0.30392539079553116,-0.8915281494433195,1.1662259889929758
2001-08-22,-0.037629983386784076,1.0577212496594859,-1.0085613740011647,-1.089621731098425
2001-08-23,0.280231626089759,-0.22161823885596627,0.7900198359511146,1.3611049935763475
2001-08-24,0.006710041112884462,0.019188714276588408,-1.4029227881003778,-1.0980313750821922
2001-08-25,0.4321113614813428,1.0496810133118888,0.8714530917346555,-0.9336515936324123
2001-08-26,0.36279322322210505,0.3652688484237401,0.44614423785878543,0.9153979285769721
2001-08-27,-0.6221634491232468,0.3186192920991597,-0.36311612373470076,0.3106844552270918
2001-08-28,0.5301777195474658,-0.22510604217842184,-0.5083522331596233,-0.5268721762686407
2001-08-29,-0.6767977422998325,-0.6402460053483704,1.0515830508523603,1.032892509567843
2001-08-30,-0.9774492584418928,0.9662713951282309,-0.784672588542089,-0.20410025707310647
2001-08-31,-0.17259071423493083,-0.9183782190087851,0.015044548614981173,0.30543171195299895
2001-09-01,0.800445394913356,1.1379213840835203,2.5740106132338343,-1.0758689980631442
2001-09-02,1.666056548532469,1.4888239266775014,0.7539407627917973,0.8933428138716744
2001-09-03,-0.21867605798656564,0.9172465961400369,-0.18864284776938958,1.5107064984770893
2001-09-04,2.859739823369575,1.5874459405246684,-0.2342788839887635,0.05410545329485802
2001-09-05,-0.8973215878482184,0.7883268352811229,0.22558698897342497,-0.16222121173792853
2001-09-06,0.6511588385212935,1.1968882187756653,1.295440469861127,0.11550315396128152
2001-09-07,-1.2298368260181696,-0.4397143213236355,0.29243260212695,3.5328583546910974
2001-09-08,1.560557792066061,-1.5851261976832585,1.1900408165856606,-0.05758081191161355
2001-09-09,-0.6218088566674277,0.008859091428703288,-1.7136471950667005,-0.37110980028847107
2001-09-10,0.6367914873806898,1.1947693405872275,-0.9278623799405382,-0.17359752402071638
2001-09-11,0.3963312758351055,0.6856641167859504,-1.6743567193531623,-0.8914924127310504
2001-09-12,-0.8262131185123298,1.1878417262437315,-0.9066742237951454,-1.9794267457258545
2001-09-13,-0.5117053646490248,-0.4319213939985154,0.2732383100845807,1.1455504934623717
2001-09-14,1.1918181148236426,0.21123661335174257,-1.4038720780847305,1.888326082664042
2001-09-15,-0.36753547559645083,-0.6886940267876018,-0.1402150016207201,-0.4478078319663724
2001-09-16,-1.4485936620201363,0.9249240730141497,-0.6714318432601633,1.1720956082539933
2001-09-17,0.9600211276091808,-0.8220483450871102,1.0009303738045419,-1.090025341185549
2001-09-18,-0.8510476880420059,-0.6215493049786293,-0.7403694053144545,-0.22917120603223248
2001-09-19,0.4080692245304928,-1.3130080807565274,0.16476505953761328,-0.39894106895879233
2001-09-20,-0.34695697445873463,1.0008606254017032,-0.7427850324925171,0.2233060827912177
2001-09-21,-0.5602780754667771,2.1107097208015944,1.1455610269540721,1.7714930414139856
2001-09-22,1.0443125611443167,-0.00970597872997903,1.0973629425725178,-1.3683809929812387
2001-09-23,2.4143018606738105,-0.8420246214480142,0.33858241769566444,0.2075595737624827
2001-09-24,2.467840775250119,-0.1938534016641164,0.41253970498620973,0.7576880335558317
2001-09-25,-1.5331371605291473,1.8919260363479884,-0.4966505302660016,0.6937109275971387
2001-09-26,-0.7847070592149923,0.015663445701265717,0.9665683404953181,0.2820929843616007
2001-09-27,1.7030055108778073,0.6815770531486621,-0.17668271302465202,-1.0969775390322585
2001-09-28,-1.015077519639482,-0.20301068656205423,0.6651341916644684,-1.1163470970310587
2001-09-29,-0.8846405114317396,0.3091242545142807,1.9677325484988137,0.16187625191475766
2001-09-30,-0.4650290378630616,-0.8489345428604521,0.6083294552452682,0.8723254955025533
2001-10-01,1.0514610222447023,-0.1095174999128389,-0.5091900329164578,1.2503757261655308
2001-10-02,-1.6855274303082448,0.5213823154257439,-1.1813379973550127,0.07105815778471526
2001-10-03,-0.6381809381262021,0.6918320062011266,-2.164324997193999,0.4748711646872772
2001-10-04,-0.8828505974082944,-2.341400127810066,0.794508744782651,-0.5471611902457815
2001-10-05,-0.7453560929373412,0.002807984552917952,-1.1546845078850692,-0.6271458210713784
2001-10-06,0.3347397131659204,0.5998725779140149,1.9312737048724218,1.9470996520063801
2001-10-07,1.6128742593856407,0.39669484931090987,-0.36063660920218865,0.47829885213086776
2001-10-08,0.36471174997046374,-1.6251518311260065,0.6294882322004621,1.8017125353863361
2001-10-09,-0.4597168962296069,-0.35067061359384616,-0.4449903194243269,-1.0194373497183962
2001-10-10,0.2601502333170343,-0.15155243157311524,-1.1149049818307046,0.646979881374957
2001-10-11,0.10922665165774682,-1.3794094034925335,1.5829298167000108,-0.582952757934167
2001-10-12,-1.3101791903953686,-1.063955208330574,0.38873737757249593,-0.49328847327959685
2001-10-13,-0.7099458043917855,-0.49032734366473385,2.930353195092568,-1.0974343464182637
2001-10-14,0.22102955087233628,-0.14016161457437015,-0.2544533971741639,-1.3479692992042647
2001-10-15,-0.5360597548283438,0.7584071750096358,0.7862487777861314,0.6295984309507322
2001-10-16,0.09981791342328138,-0.7242992047202447,-0.005040842623884795,0.5770632084490418
2001-10-17,0.7641957796500171,0.7320552625183172,1.414046592422192,-0.549141630325453
2001-10-18,0.10091858483678876,-0.13585638862746952,0.47045311765955516,1.1006732086734476
2001-10-19,0.21646071589751661,-0.12402831715843651,3.3627226461066675,0.7371903398510433
2001-10-20,1.286630185203154,-0.3094666731794949,-0.44232052312950465,-0.17208215411173017
2001-10-21,0.38519154066243433,-1.1427609113480652,-0.23960375768243153,0.904864906144492
2001-10-22,-0.02095679705309653,0.4507332327524865,-2.1613386519950515,-0.6602212976885984
2001-10-23,-1.2315014236805881,-0.6217929905040191,1.2495745264692935,0.6054323258532414
2001-10-24,2.043107362325747,1.4935478585029798,0.18456955793319685,0.9972616871221023
2001-10-25,0.2041204783492909,-1.4921905375607285,-0.05456151721279539,0.5542454836470505
2001-10-26,0.21548733291206357,0.656680247991341,0.6041305998857834,-0.2611229744215367
2001-10-27,-1.501894111572869,1.267460073216303,1.3688498164352074,-2.112534173748773
2001-10-28,0.8412362511333583,-0.27299383532752824,0.4613535253918056,-1.230844398995596
2001-10-29,-0.05626546328217518,1.034828478558011,1.575175297901067,-0.1295234420581758
2001-10-30,-0.5083478982914388,0.6388359387177907,-1.4611325178566523,-0.5300128682393638
2001-10-31,0.6588355439138895,-0.35989261596595923,1.0952480823348876,1.9125904356651595
2001-11-01,-0.7312882673264555,0.39856794196718287,0.9701999340448537,0.9300947763418026
2001-11-02,1.2082847605702696,0.4532204332557729,-0.13658777793738622,-1.2771754102716273
2001-11-03,1.242838263678514,-1.4012026729623024,-0.14951350990564746,0.6342000469060811
2001-11-04,-0.054846013483174236,0.16153772636968344,-1.2160012571187733,0.20521687892770904
2001-11-05,-0.38340084917735134,-0.11956820531813246,0.8156044012933299,1.0581425269404647
2001-11-06,-0.5025527837814163,1.3152022245090251,1.3746809718833495,0.11468686644558877
2001-11-07,0.49308463856593965,0.38478526072504543,0.643223842715515,0.7951517832435704
2001-11-08,0.26440151158641756,1.2286932935480726,-0.012658141472088437,-0.6526243194151167
2001-11-09,0.935965564796291,-0.6246283455958925,-1.2506761029194775,-0.8611125308131089
2001-11-10,-1.2158061545745071,0.45104254162743435,0.18543099949968617,-0.31104713431960646
2001-11-11,-0.9446764330029022,1.804562418773747,0.8776829887948597,0.7169354540685775
2001-11-12,0.8164464779499572,0.9334522532422557,-0.5499685787180295,0.35420102530563513
2001-11-13,-1.5488669289899752,-0.33512826563059567,0.20251833650508885,0.880616803120993
2001-11-14,-1.6276461924148227,-0.35770675422963877,-0.41503129194463023,1.1278716549505274
2001-11-15,0.44992388778335074,-0.6017457992470574,-0.32341144760829904,-0.5600569049183775
2001-11-16,-0.0663475829957378,0.22112727011462666,-0.13864025712873176,0.3732650271454661
2001-11-17,-1.923847010998782,0.9555871534873234,0.44588112000984054,-0.874272952146532
2001-11-18,0.1665268859945427,-0.5655706003325255,1.1359610374767055,0.41734165069603707
2001-11-19,-0.07704666458968884,-0.7749040093505439,-0.2759466522654882,-0.39525834926563863
2001-11-20,0.6660626405097106,1.4212895545293187,1.1661628678874576,0.3419797825572849
2001-11-21,-1.0231274564223385,-0.6763763186520663,-1.8186895228712492,-0.23612027796150564
2001-11-22,0.37455367771883713,0.5157992517118463,2.279757924851072,-0.12063828631118852
2001-11-23,-1.2169310804003728,-0.2516868175838733,-0.3571684103481694,0.010484882668978004
2001-11-24,-0.4923406978288204,0.45669205843945604,1.032695247842452,0.3124086068688027
2001-11-25,1.2650087764074114,-0.9883297627295966,1.0552390227626087,-1.3096191541542122
2001-11-26,0.3298463973492925,-0.4020911049851953,2.8337699084408845,-1.095489883415325
2001-11-27,-1.4852027718290586,-0.08635913645340229,-1.296383012012667,-0.27807803720055707
2001-11-28,-0.8746363526627774,0.3657931017240156,1.264705384480118,0.6772614538725997
2001-11-29,-1.1280568438817402,0.7125326668596508,0.00466320105182248,1.7559238705950482
2001-11-30,-0.032978626581235494,1.7028694665450899,1.7249218644384414,1.250483303450799
2001-12-01,-0.35907054248371373,0.3191567444378171,-0.6016621406237871,0.3306047262136843
2001-12-02,0.2793106157151325,2.4830267366159955,0.011375737816118713,0.10743526670363977
2001-12-03,0.43008717384056017,-0.5083051411587711,-1.6019982809453122,-0.8877088428848519
2001-12-04,0.6184977159390439,0.4336107626404364,-0.7370122161635522,-0.7617156445820472
2001-12-05,-0.7785366771638403,-0.967115983839546,-0.7538385550429876,2.243788747968032
2001-12-06,-0.16630418787723572,0.7441554392207238,0.24324549352569572,-0.8717167010039283
2001-12-07,-0.378431426276378,0.74197997198901,0.040035279605489575,1.262252665857924
2001-12-08,-0.5335510477571794,0.9457528419102122,-1.3219254786903145,0.7112475579668769
2001-12-09,0.6814477979395319,-1.8229170534115227,-0.09981171574860985,0.30088880606704976
2001-12-10,0.0027169408232396858,-1.1840677545626253,1.1709189151476422,0.8386864260791212
2001-12-11,-1.043509779360096,-0.4187979920118219,0.20982010119371924,0.1488143567721478
2001-12-12,-0.3997019801761919,-1.2099784355780956,1.54749230404125,-1.427211315962364
2001-12-13,-0.15366118063234116,-0.5730104588179371,-0.7752073521474201,-0.287475008643073
2001-12-14,-0.17457809859546658,-0.18303163924630492,-0.03869307937188582,1.7087293348435424
2001-12-15,-1.4068971152868524,1.0434238562545723,1.377251218990411,1.051718499521684
2001-12-16,-0.4778740564464337,0.40607471636782144,0.05285569644970659,-1.0857359188548854
2001-12-17,0.015171677182263426,0.3579134019674055,0.8131066126062189,1.3256788087380227
2001-12-18,-1.1915262158977311,-0.2203058751918825,0.19483122564173508,0.6409718251397082
2001-12-19,0.28747537579128385,-0.3804004057554605,0.881987782787893,0.4980949967004137
2001-12-20,0.633105488708174,1.7390051271339428,0.009484655371929615,0.11499874353551816
2001-12-21,-0.5013958314295955,-0.9043586062221336,1.182945481529549,-0.3816871528480989
2001-12-22,-0.5061593901633339,1.048738484964098,1.0897664528218425,-0.26255566541138725
2001-12-23,-1.2876745923046293,0.491925547908346,-1.238279451024738,-1.7083191213689797
2001-12-24,-0.791760167524096,0.4291715034921402,-0.22915145773592624,0.34469947237774184
2001-12-25,1.7328366196569276,0.6166091804111192,-0.7434964791852234,-0.44697277648757716
2001-12-26,-1.1052194315695731,-0.4178612240901584,0.8603639558484373,-0.13653562270466194
2001-12-27,-0.20442913374639712,1.6821008565732687,0.39695011680233,2.0116474891248206
2001-12-28,0.8067789216080473,0.09617219070391753,-0.9724055302280816,1.2098997639215734
2001-12-29,-0.6995953562853404,-0.519283833329745,1.077293915046147,-0.7079352140249066
2001-12-30,0.41363820864400275,-0.3990412312243161,0.19614699550640943,0.1332454517295478
2001-12-31,0.43433711952680626,-0.32694481053908603,-0.40328631010778015,-0.16347236722373137
2002-01-01,0.9390676710664643,0.2621114796019655,-2.892241393607224,0.8136333566701336
2002-01-02,0.20647610261113966,1.0012218086647446,1.246186578187902,0.2929995865396372
2002-01-03,1.4768871851189997,-0.20807914976749797,-0.7211732958501418,0.9678559750586954
2002-01-04,-0.8118633181977162,0.836544083996795,-0.16826666023966738,-0.6354890583434027
2002-01-05,1.449873007540934,0.6320900895677268,-1.0679108587032677,1.5813985879176655
2002-01-06,-0.7864044218250202,0.30416906883169087,1.0557880654810954,-0.28573506689396583
2002-01-07,-0.06833865068294057,0.08208122607709269,1.766489824952647,-1.43699725609017
2002-01-08,-0.1270190382266418,-2.2493563692375362,1.2396688020978468,-1.0493421074911258
2002-01-09,0.532455584613988,0.05622343500218767,1.5289851527156078,0.9702236001594522
2002-01-10,-0.21886144246401787,0.28375022059337246,-0.4939725434987676,-0.15069681952791147
2002-01-11,0.7047370693438041,-0.4032127820561872,0.33414462027918795,0.4792644307057278
2002-01-12,-1.8871637809406685,0.812498963345028,-0.1548365985531759,0.6804566049842619
2002-01-13,1.147911132119928,0.09927140348732377,0.9324295745127797,-0.8667185513150193
2002-01-14,0.3194493618858277,-0.9002735981055502,0.5020301252568385,-1.4023832045739035
2002-01-15,0.8700205327175522,1.934225013883061,-0.9727177475838927,-0.9879706415943545
2002-01-16,0.3528454637702848,1.2237444386348502,0.02798605017284014,0.4674031904721946
2002-01-17,0.9861264238796753,-0.04599857043936353,-0.18810658644349132,0.25488692430477045
2002-01-18,1.404738205507724,0.6504687462745052,-0.8386171009992033,-0.25610813453064546
2002-01-19,-2.4512940369724814,-1.0709623799412473,1.7188329745488524,-1.5796185695652423
2002-01-20,-0.5490991312031551,-0.16041284169582426,-1.7261402656036666,0.3729288935284365
2002-01-21,0.05359958081244564,0.5780455411243897,-0.31025810370948576,-0.1284937911242903
2002-01-22,1.8158611350411138,-0.7223306622851244,-1.1833486577426247,-0.9492980043186648
2002-01-23,-0.14978825040736948,-1.2550388155659074,-1.4864469156492988,-1.7822648081690013
2002-01-24,-0.39783027077903077,0.6604587889212633,-1.990190836862356,-0.05385148686478449
2002-01-25,-0.42580511406938776,0.39404052954937685,-0.35290903570997306,0.2912844221679823
2002-01-26,0.05159557984638305,0.4906386119756981,-0.6236261614237433,-0.08885725621062018
2002-01-27,-0.7520017871972896,-1.47520088596501,0.31332462946195955,-1.016338943668537
2002-01-28,0.28560745983175134,1.6990259799974061,0.057151541983844104,1.8558886642251904
2002-01-29,1.857532298163169,2.0104615537840322,0.5078093222568018,0.3027678726507481
2002-01-30,-0.9578532679576254,-0.7808400394021092,0.35589365552693114,-0.2948971830749537
2002-01-31,1.5581570579521558,-0.7461336379700992,-0.227797223505124,0.552470761182
2002-02-01,0.6982811657701214,-0.6622756378293787,-1.3433571452480773,0.4723136520448946
2002-02-02,-0.9181282993372407,0.1806311470332275,0.4845531550784716,0.05819826239545645
2002-02-03,-0.9701188716823137,0.5213001911774143,-1.9778880858369232,1.3297388305201758
2002-02-04,1.2095448711824515,0.2660203378998329,1.4443010158563852,0.43762214302285346
2002-02-05,1.8128140246570055,0.1636170154688778,-0.8793266570817426,1.3949032172351723
2002-02-06,0.0675950098252782,0.8710107077974082,1.1321617657943321,0.6865203941056615
2002-02-07,-1.4219737779645827,-1.5996742017218084,-0.5698106003559738,1.557383352628191
2002-02-08,-0.262528053029942,2.6431041006162315,-0.22955180857615323,0.2810211958283822
2002-02-09,-0.7572612127132812,-0.3502189804928716,1.0687820936440793,-0.2619917564244412
2002-02-10,-0.31162451294703697,1.202484190814065,-0.42521185687796786,0.818572020613956
2002-02-11,0.7316673303373947,-0.5235087699668174,-1.7682205091143295,-0.8438295135042146
2002-02-12,0.17670624321284495,0.1269161616360635,-0.4352975376556499,-0.7012890286919732
2002-02-13,1.014409155878815,-0.22148300570493742,0.2832156829554125,-1.5340038255552275
2002-02-14,-0.2716646467038457,1.41820729409356,-0.4866972533182776,0.715786851692417
2002-02-15,0.006362672114722442,1.1997635943715899,-0.930181888555732,1.8539341952117365
2002-02-16,1.339024959849914,0.05891161665478932,0.5155730563046239,0.25963729132727015
2002-02-17,-0.17909661439221616,0.03153501698837126,0.9607744582284989,-1.6249359869220745
2002-02-18,1.3309901108032116,-0.4492092176627727,-1.6373896677945265,0.1806833698303761
2002-02-19,0.32111626965725454,2.2735655208711276,0.44218061525113933,-1.2515929719472612
2002-02-20,1.5908926558357297,-0.22692844500992934,0.1369373973537253,-0.21259605645444596
2002-02-21,2.4024216411892247,0.42571572848164746,-1.3583037001246174,-0.8473461917248859
2002-02-22,1.0959810807197936,-1.340491083526528,0.6335857785632857,-0.12684458386509911
2002-02-23,0.8203493525933359,0.22709658016088075,-0.8626148786510454,-0.07066214879397384
2002-02-24,-0.8937234760984925,-0.13249675780694503,-0.3283791096110142,-0.6034277907408723
2002-02-25,0.11992254314903068,0.8498347250904084,0.37830364930627636,0.34419722269765946
2002-02-26,-0.3688127766111706,0.7169666718386806,-0.8553688919680767,0.7009199586900076
2002-02-27,0.6486528848050183,0.02855904325874743,-0.24671884649000017,1.6040993497364782
2002-02-28,1.2197338466014795,-0.10399900479617193,0.9119407437716306,0.2221804853427278
2002-03-01,-0.6718788417281255,0.8247223777948512,0.955191864475697,-0.03117332733715077
2002-03-02,0.28853947106967576,-0.24317247348154689,1.204015557893379,0.2159488967402018
2002-03-03,0.7300623674283475,-0.2247176723333423,-0.41363827474663734,-1.5274063978142813
2002-03-04,-0.08846439129797098,-1.7095561594441226,0.8795788343024918,0.8002279273182384
2002-03-05,0.23560358030051728,-0.15203298189644926,0.4015977319085402,-0.25757496824473397
2002-03-06,-0.3077323233782497,-1.0813510418508752,-0.532892939094844,0.9860173790247073
2002-03-07,1.2847183167981902,0.9787033253857969,0.7270560461420975,-1.6286907914450095
2002-03-08,0.01245759011456246,-0.7856469311001263,-0.2767671440259812,-0.594936841426495
2002-03-09,-1.4773141005720916,0.8369502539470316,-0.29872553280642855,0.3642968474114086
2002-03-10,-0.004410361391899951,1.2968563240117499,-0.5280307342796906,-1.5530444358938564
2002-03-11,-1.195191253761,-1.020341464531296,-0.11086876634624716,-0.7419847818280388
2002-03-12,-0.4443293703008243,0.4468025740357451,0.500017085619795,-0.10279294621165924
2002-03-13,0.3280345772290537,0.44133722075982684,-0.2693264884170251,0.6630569159865217
2002-03-14,0.5523811782162316,-1.180463124369947,-0.2279762454884761,-0.7690103913858798
2002-03-15,-2.170321398728175,-1.156407755593817,1.081434930854688,1.2941999643843658
2002-03-16,0.460061034621041,-0.043567451798075564,-1.3614326673800319,-0.35687255300882864
2002-03-17,2.228374125925016,-0.34289622506858,0.3616354784043282,-0.9746357048197398
2002-03-18,1.0185824649206625,-0.56420509367225,-1.0432592421092435,1.3943699023222376
2002-03-19,0.47087771075892865,0.496845366820271,-0.35874129730459553,-2.0675819507447626
2002-03-20,0.2441398516150125,-0.1894788444451503,0.5612887482251944,0.3428228168021034
2002-03-21,-0.5786853318416963,0.6089218376030165,1.05241672476108,-0.1076879219863115
2002-03-22,0.0020048570529536546,-0.029521753174575314,-1.0254551170064152,-0.7637353924411309
2002-03-23,1.3311136983352547,0.14019603021538007,-0.08587280498575968,-0.002044514704272288
2002-03-24,-0.39036456361180305,0.5246458667680699,-0.08535485694909425,2.1450872670363568
2002-03-25,2.182267253990384,0.11851173850215792,-0.3803929000526868,0.4901738531815543
2002-03-26,1.085598400613289,-0.4507817887918655,-0.3774693002939395,-0.2679687060728777
2002-03-27,-0.0941594673853648,-0.4916821024959354,-0.3902231584148464,-0.10676072050228172
2002-03-28,-2.3011637918046355,-0.3618261664750782,-0.06957473670917617,-1.2974438922795768
2002-03-29,-0.5987465749347037,-0.14271345511175745,-0.07984626715946094,-0.49891290506649305
2002-03-30,-0.20471206095993505,-0.17308475773103724,-0.34731651834761634,0.15863285838053268
2002-03-31,0.4930088680678883,-1.126490129211287,1.084079646199739,-0.16781100019666195
2002-04-01,-0.077995527852422,-0.5669189130531637,1.3513966471514367,0.5348215559692185
2002-04-02,0.45728133258345,-0.6791248846238966,0.25231166599552685,-1.1248916744734299
2002-04-03,-0.5293215316898454,-0.5389717247229736,-1.2634570863297496,-1.4262118695314026
2002-04-04,-0.8573496055782285,-0.1294173323128367,1.4835261674736746,0.475445962690699
2002-04-05,-0.21326476006187653,0.37029622022349207,-0.7142603096792642,-0.6687888231109407
2002-04-06,0.9689691413337977,-1.476878271941676,0.4857399844523915,0.795233283241172
2002-04-07,-1.2589635716496912,-0.3069053317739362,0.23854864941513113,0.21745691998370428
2002-04-08,0.1131190180456568,1.5989611612981072,0.5570242805392682,0.23103352557442178
2002-04-09,0.07375926379820343,0.134931435585075,-1.5009463232636282,-0.01911671141121854
2002-04-10,0.1671340366819945,-0.09548232424178607,-0.184310548565882,0.3181529822728647
2002-04-11,-1.3963318516778032,-0.16443066449155314,1.3733859502181258,0.008066940712836528
2002-04-12,0.19487952412456735,-2.0457164414849665,-1.4174923310768743,-0.1515625746479024
2002-04-13,-1.2930950919270023,1.8560122448269678,0.39622546992858904,-0.22161180372993655
2002-04-14,2.2113036745669876,-1.4697806993844702,-0.6255576086591207,-0.30468000738904005
2002-04-15,-1.7110795792326476,1.3211372430694497,-0.16337194571454322,0.8805809646862084
2002-04-16,-0.13759988735789244,0.2318116170080179,0.3879208340356627,0.9379798907219828
2002-04-17,-1.529566482303975,-1.155002015395073,1.5535847147892612,0.6296103721162694
2002-04-18,1.0375743038486864,0.6867608682031796,-0.6429883343522007,-0.7597860082738347
2002-04-19,0.8366193268358492,-0.20786758162729754,-0.7921893325925349,0.6200355012197977
2002-04-20,1.609800653228826,-0.19761745379033926,0.35291038576442535,1.658651032507405
2002-04-21,-1.206213519646855,1.41458283282555,1.2784900755060593,-1.3398981131778505
2002-04-22,-0.5640088656792873,1.4203364077707925,0.6689350829500842,0.45713965865795575
2002-04-23,-0.7486347153024148,0.049039606214181485,-1.3263647751466623,0.3194760233919657
2002-04-24,0.009138461979412277,2.390585258790182,0.34920982772059445,1.8422669029400478
2002-04-25,-0.04700257444098301,0.49560387199926703,0.13251377489988134,-1.174874900712391
2002-04-26,-2.1912539797731765,-1.6211582688337551,1.4609947934082257,2.889980725109534
2002-04-27,0.9894832431174329,-2.7584057435112896,0.1267186346103928,0.08996895527490235
2002-04-28,0.5323356398571262,0.01799811104793743,0.3591138149179283,0.3165626449365054
2002-04-29,1.0535288930313105,0.6470994061347389,-1.164351736802123,0.8434184609729185
2002-04-30,0.6721327820083858,-1.3830524759434097,0.9677431968717509,-1.4022152841965332
2002-05-01,-0.5271680286996662,0.0996467602125764,-0.3186175397580459,-1.8665469624186144
2002-05-02,0.6528432870995702,0.9859329422951849,-1.2967614843071982,-0.10229257804101488
2002-05-03,-0.014487522044298711,-0.07401123154493432,0.2453283798145992,-0.5973732577922888
2002-05-04,-0.5412310443191771,0.06844975115654207,0.7341595213489909,-0.3249739618992906
2002-05-05,-0.27398237092321076,-0.49848311308524695,-2.232187908047971,-0.24763313836937345
2002-05-06,-0.6251005746969626,-0.4761618587763216,-1.0658815284063023,2.0893758395251765
2002-05-07,-1.421799337175847,-0.9891947324990493,-0.67469586038001,-2.5179322336296726
2002-05-08,-0.4881946247047331,1.066866507279042,-0.5364671410433394,1.679211462626459
2002-05-09,-0.6738965348702332,-1.0150449918227848,-1.0612355544926861,-0.4917211044221031
2002-05-10,0.07662748241153672,1.6931849654754376,0.777467451855811,-0.8246145740097075
2002-05-11,-0.6873170814818199,-0.6218519078329853,-0.15019174786236414,-0.2276247826368234
2002-05-12,0.10556001112909165,2.146388892824262,-1.169382822258374,0.07526169510686968
2002-05-13,-1.57333325520649,0.6645046045104234,-0.04540506484874146,-0.7614506585377662
2002-05-14,-1.937063667521803,0.4369886599139141,1.7337724983482916,0.48409556544760896
2002-05-15,-0.8252383869613115,1.7470310953266348,-0.7876102212612415,1.3049203103544884
2002-05-16,0.3936159276461041,-0.37880750234984917,-0.38788689037019786,0.45388216704429374
2002-05-17,-0.8394685652365472,1.7098364279825466,1.1377332462848944,0.018455871706618974
2002-05-18,-0.45887903428628934,-1.166764010374711,1.6723546583702327,0.03668995149589175
2002-05-19,-1.021854673911347,-0.8492244483212528,1.4561355721083764,-1.3769600043421226
2002-05-20,-2.7652980357844803,-0.6131204904746607,-0.8522043507873464,-0.025627274209133143
2002-05-21,-0.8671193454866253,1.09325929750485,-1.3929742648260135,-1.656381996493637
2002-05-22,-0.2203097689681041,0.6980809577004979,-1.1080268121851826,-0.10486191051885173
2002-05-23,-1.1215795125754562,-1.2909310332034918,1.3022064575356078,1.5082029534047083
2002-05-24,1.727244448848679,0.41726050144758087,0.3880140082413056,-0.07695862753525252
2002-05-25,-0.5979346762430645,2.54275557532658,0.4218622705452371,1.1818474145216262
2002-05-26,0.45436329000149067,-0.5617073244611223,-0.8064349674445059,-0.5930719005634987
2002-05-27,2.3503839765837986,0.0763837157419327,1.5071683949354406,-1.8656989383061602
2002-05-28,-1.0712178690632204,1.017156630564456,-1.0597098480355607,-0.5196142236633184
2002-05-29,-0.4012446550947275,0.09766379692620669,-0.4749543443736602,0.03290412264747343
2002-05-30,-0.23117118770057704,0.755112667246288,-1.0231252069921077,-1.106678206104464
2002-05-31,-1.0173513282999043,-1.2593437465220967,0.41443983566454035,-1.3132828761160455
2002-06-01,-0.3167399889794296,0.7784075799991406,-0.1738209154054948,0.7823825923645397
2002-06-02,0.07538387671244974,1.3485352386599498,-0.3608756446207868,-0.05775777073299307
2002-06-03,-0.06094273973496081,-0.998341868727779,-0.3700255258475383,-0.49428510582157015
2002-06-04,-1.2525153768521846,0.3173102771965719,0.39471544278044596,1.611954268553345
2002-06-05,1.176650274799823,0.7331408927047846,-0.18059408311454617,-0.9792855127166838
2002-06-06,-1.318432834550891,-1.332109878173632,-0.2391128611782151,-0.04752015411723657
2002-06-07,-0.08823515084911655,-0.5702361235530938,0.9629092673551,0.43529156992085527
2002-06-08,0.2511867218159317,-0.19717123420912763,0.6170606118545225,-0.6145726549077181
2002-06-09,0.9664762102965314,0.7470213795128373,-0.1981177623559422,-0.8338655264735343
2002-06-10,1.1479873483146552,0.4100774442712853,-1.2257687326600493,0.12743287512828078
2002-06-11,-0.10185976856509461,-0.7578276792168406,1.5116598392875662,-1.8879578499329597
2002-06-12,0.1021079398322408,0.31577551431820294,0.5447806085316621,0.39819378271654543
2002-06-13,0.9069702372938037,-1.2066242512901633,0.8812316892079955,-0.6960413020313523
2002-06-14,0.025781104895282257,-1.2609080491772617,-0.04288203585415617,-0.43348398391603815
2002-06-15,0.5638334903918059,-0.4176888139231781,0.934527659964339,1.028974545249211
2002-06-16,1.7314480255647398,-0.1628371220573446,0.7933493613465703,0.28961697566779226
2002-06-17,0.01428561940759718,-0.7613687572011588,1.5372486327760535,-0.009628434358539203
2002-06-18,-0.4097336773270616,0.03333624417569544,0.9805328157990606,-1.7638636366106035
2002-06-19,1.0416613252003135,-1.5587188149307223,-0.6876862302171081,-0.09437597638209322
2002-06-20,-1.2084380461241961,-0.7568757487753154,0.027646838150870996,0.23430991505769094
2002-06-21,0.2640306311330483,-0.3946974138816752,0.42952885866696017,1.0166330448130245
2002-06-22,-0.9225459239282792,-0.48453980642853267,-0.7205280172478274,-0.3554869381557873
2002-06-23,-0.10371304432351816,-0.9825531229798731,-0.9987762317370809,0.14212937876377071
2002-06-24,-1.1831526485603068,0.16899014028571746,-1.8459630237846352,-0.30510603500578337
2002-06-25,1.5314234754327276,-1.660380293107998,0.3157492563089144,1.2768754347497848
2002-06-26,-0.002982468583684905,2.3344110859540033,-0.761589315770206,-0.7027910889519122
2002-06-27,-1.7529599310225064,-1.3255807267846198,-0.2833755885386552,0.5107141208565446
2002-06-28,-0.07798399487728791,-0.04044968487955695,0.0853870376144444,0.2875608478721343
2002-06-29,0.7765460836703423,-0.2920805973044944,-1.2125365009246298,0.24575477151365194
2002-06-30,1.2368514257297027,-1.0710415929218855,0.3177260019015251,-0.36657056857302245
2002-07-01,-0.6192387606703371,-0.5773566838896348,1.9879597941326947,0.3510946292282082
2002-07-02,2.957564855106311,1.0174485497221877,1.0476855647228498,-0.7222075898607411
2002-07-03,0.2809966942813329,-0.378079083181074,0.2365369431605781,-0.168064714369091
2002-07-04,-1.655775130684353,1.1249257486049549,-0.6134236882333445,0.37357164596244263
2002-07-05,-0.18306777313090986,-0.32606737245235595,0.2015051865469277,-1.1653657017866346
2002-07-06,0.5823859971389332,-0.15233054043974434,0.6903577267986237,0.05214166222887826
2002-07-07,-0.4097751892712682,-0.7802981868318265,-1.0234083907899905,-1.7227243572627058
2002-07-08,0.3623751986625189,1.3792265373372088,-0.15741290412278766,0.6823592320459454
2002-07-09,1.4997686364606229,-1.2067764562845575,-0.0466002994273477,-0.04244647886821124
2002-07-10,-0.28468964046355216,-1.05205620667717,-0.7850411233363525,-1.4222498617828863
2002-07-11,-0.15062052539508633,0.3160431518031829,0.6346726279688909,-0.7161095452676786
2002-07-12,-0.059962665121941414,-0.05934584858207734,0.9079893194873843,-0.11239568879777055
2002-07-13,0.06538160352663908,2.10019101008528,0.7402076762712713,0.4140156608976552
2002-07-14,-0.034096791174307646,-0.43617655818981566,-0.5542654646496641,-0.1909743547351709
2002-07-15,-0.3479647572032533,-1.536993127253367,0.3126711680755757,-0.9830537869857431
2002-07-16,-0.4129697598875343,-0.7251407017264875,0.6677094986714395,-2.1765845012132283
2002-07-17,-0.2042241435256796,0.37161276377556385,0.7120343856678157,-0.6348512887575573
2002-07-18,0.1532061199187163,-2.4240334317502694,0.7640494863348467,-0.9227565246998463
2002-07-19,-1.1683235556414657,-1.4498684054437125,-1.074244310292092,0.9645422335100466
2002-07-20,-0.4400804060664592,-0.15225221657249627,0.5840185876214488,-0.81462845883553
2002-07-21,0.6741743785221801,-0.2675108627315861,-1.532939459313326,0.8442555239497108
2002-07-22,0.645931224516101,-0.2873994172438094,0.21667520029318899,-0.48568833999521754
2002-07-23,2.4477521446516586,0.638959041135173,-1.4889029178441162,-0.09759376424147975
2002-07-24,-0.1058144367377736,-1.7050496483563342,-2.6068479134226648,-0.6975293868784027
2002-07-25,-0.44881344041512017,-2.2593091330955346,2.3784472219504527,0.14095288101474424
2002-07-26,-0.7502697019771798,0.3159065175261227,0.3025385253304123,0.19736908211239104
2002-07-27,0.7645315193536991,-0.5637728329068667,-0.5044632134550611,-2.1287598382647017
2002-07-28,-0.4439599706539383,0.6883748609601454,-1.3796314708494735,-1.737551260572578
2002-07-29,-0.10443700553388781,-1.2547638310476108,-0.19587123143888752,0.22711096412695045
2002-07-30,1.3262284148384909,-0.898835321386513,-0.7691658246895803,-0.5094364992961902
2002-07-31,-0.804320709225579,-1.6421979938154518,1.166368155456383,-0.3878582168115807
2002-08-01,-1.3465522354064101,1.3273377921200515,0.6373915828119052,-1.396526603734005
2002-08-02,1.6641914700948028,0.2857388845140629,-0.11121839793304658,-1.0889896921758377
2002-08-03,1.2617493421341586,0.1367760944952959,-0.5116812900829366,0.19315994623585028
2002-08-04,-2.164757027778055,-0.34583699801605766,2.2788266141422753,1.9771686747015957
2002-08-05,1.7698062271905444,1.3539905171936575,-1.0760217037051245,-0.03284343063305612
2002-08-06,-1.3767223266210342,0.16409355043344667,-0.8961813418337957,-0.083521026256727
2002-08-07,-0.23062591273041377,-0.05702145372991618,-0.2406815482973881,-0.49476895950823374
2002-08-08,0.2458615373779798,-1.6354577242009618,-0.36392152664854405,0.2270649027777643
2002-08-09,-0.6976138116068654,1.2321204915391542,0.8782675341809748,-1.6401052114799721
2002-08-10,1.3322422592557561,-0.08319853296595489,0.8153933602332902,-1.9822304626922116
2002-08-11,-0.1242305468071468,0.3782088381080932,-0.3914524014618523,1.2328687639622915
2002-08-12,-0.9293205836286502,0.08751926671803811,-0.1599916049959578,0.014745756800580661
2002-08-13,1.7328500222238146,0.8199481081692594,-1.1094335252198448,-0.3503996212698294
2002-08-14,-1.256706023786468,-0.03624592618904658,-0.37893535166367637,0.6851534407905441
2002-08-15,1.5192015350473014,0.8312495726359826,0.7286075432814985,-0.6295414501603214
2002-08-16,-1.4988293444130574,-1.6247386500981416,-0.28414379604855644,0.05214104817768548
2002-08-17,0.9172660664634197,-0.09313754826569676,0.11227722568317573,0.2504713923390555
2002-08-18,-0.08403110615377242,-0.3501472764510143,0.8759213896819581,0.698803391941539
2002-08-19,0.8090868841542117,-0.36557840617846854,0.11234402255185363,0.2823717622516959
2002-08-20,-0.4563676171886195,0.5092269091569179,0.39640578955889905,0.8738320572144295
2002-08-21,1.4502294526820867,-0.06512325873544209,0.47939362011089814,1.0140382879954943
2002-08-22,-0.8190113703493018,-0.438694651600188,-0.11534551498899409,2.5762998513805955
2002-08-23,1.9090900757839442,-0.9599578295923519,-0.7026710493225444,-0.2526446690755729
2002-08-24,0.39054534528646656,0.04353245113312158,-0.9550021990224122,-0.4536661959334821
2002-08-25,0.2781125581441223,0.4810962910300805,-0.1889155344860654,-0.6904945203233426
2002-08-26,0.28599594838185965,0.02177702688908762,-0.8306499745454018,-0.3498920428888102
2002-08-27,-0.9864939632318951,-0.19934018857847155,-1.3953346745212762,-1.0280366883205736
2002-08-28,1.0245811116127947,-1.3861417200717039,0.48603099865383076,-0.48069237079834537
2002-08-29,-0.7222783320095008,-0.9818223763834618,1.765754020023604,2.6860850220204218
2002-08-30,0.02878785522247129,-0.7743274534590899,-2.380691067485523,0.7469017634969038
2002-08-31,0.04802487804326964,-0.3730638274202399,-0.22822726283359088,0.4075735554185199
2002-09-01,0.3926018891974709,-1.1646390153820694,0.1895999465010935,-1.2587236684795646
2002-09-02,-1.3749064406548068,-1.9891617912772614,-0.31688050913976307,-0.17899169938283224
2002-09-03,0.7469568958387848,0.8422620307104833,1.0766049997761382,1.128901752887184
2002-09-04,-0.48269651556522636,1.4609565133478184,0.20252053975283588,0.9576299972756765
2002-09-05,-0.9454172136768427,0.5096013086590218,0.16419247739235554,-1.14937167171951
2002-09-06,-0.929217850569656,-0.24383971742624508,-0.7439270350035208,-0.7734394723565335
2002-09-07,-1.6798650558194828,1.7523157976042414,0.513829758154609,0.9653797287987489
2002-09-08,0.5653786309476593,1.600056319054238,-0.9850301413739941,-0.13088426526788316
2002-09-09,1.1817150557986167,2.358724840156489,-0.339126214572184,0.6080716557004178
2002-09-10,0.030029260645355733,0.4647499101864567,0.3285049798963575,1.4549787923466204
2002-09-11,0.18587466137201306,1.6084447768920653,0.5633875904842817,-0.46871769889885845
2002-09-12,-1.0422095948396541,1.1104687640532949,-1.7995097941109277,-1.354466766274352
2002-09-13,-0.5012915689523105,2.0999071041610753,-1.6556898733777745,1.1175680034316322
2002-09-14,-0.02262033549702745,-0.26362389383887824,-0.9209815081031894,-0.4160298878005349
2002-09-15,-1.8957030667926087,-1.4114982765219832,-0.6536613831404074,-0.7537659094459742
2002-09-16,-0.15606374392810984,-1.5170784185691073,-0.8668322139968437,-0.20659633872162728
2002-09-17,0.003667337189711888,0.46089260146355154,-1.476342124039168,0.1652757820907391
2002-09-18,1.08285883799474,0.4989211465583606,-2.089453146461714,-2.5749238468013482
2002-09-19,0.4054662562014899,0.9300307566131424,1.3504597405761576,-2.1216657224394693
2002-09-20,-0.1976544765249867,0.6124692386077266,-0.7751080648950672,1.0548315408003737
2002-09-21,-0.18156320238929283,0.5756236237409531,0.3939376667472582,-0.4642411238509866
2002-09-22,1.347458634654666,0.11615538315366046,-0.22519928577961135,0.6128429105818659
2002-09-23,-0.04963771358768994,-0.45009765222886394,-0.16969828727994277,-2.047234651777773
2002-09-24,1.9940038647748513,1.3965138699662039,-0.5152556090618557,-0.7544338808750769
2002-09-25,0.8306357110844477,-1.4809923520084574,-1.7926526011312112,0.7848160310682912
2002-09-26,-0.6412642754855872,-1.213394739547014,-0.07556018435481776,-0.47668311526777624
